shard,ci,avg,raw_2024,trend_2024,oracle_2024,sdp_2024,raw_2022,trend_2022,oracle_2022,sdp_2022,arch,k,h,L,emb,drop,plr,film,lr,wd,bs,d,heads
0,0,400.86928357089266,507.7713744034984,595.9878721367385,597.8781404739952,0.048892345279455185,293.967192738287,327.35357347297713,349.87343535758384,0.04718106985092163,TabM,8.0,128.0,3.0,0.0,0.1,False,True,0.002,0.001,16384,,
0,1,439.0276845607277,703.655648469792,760.6678111592213,762.349374790472,0.04629833251237869,174.39972065166342,226.1334107777846,248.85593949777186,0.051765359938144684,TabM,8.0,512.0,2.0,0.0,0.1,True,True,0.002,0.001,16384,,
0,2,453.00530195252486,636.7508827156421,693.4589328334683,695.2657192883182,0.047432415187358856,269.2597211894077,257.4871623693742,279.45863164058335,0.05449952930212021,TabM,8.0,512.0,2.0,0.0,0.1,False,True,0.002,0.0001,16384,,
0,3,389.0281415381613,507.5865216638942,565.004167782146,566.739398337801,0.05130743235349655,270.4697614124285,251.35351020439956,273.3786265791016,0.051970288157463074,TabM,64.0,128.0,2.0,0.0,0.1,False,True,0.002,0.01,16384,,
0,4,438.9878925691204,552.7323310689502,589.9831395953403,591.7183701509954,0.05644562467932701,325.2434540692906,349.3131211656397,371.64223779341256,0.054068539291620255,Hier,,64.0,,,0.1,,,0.001,0.001,16384,,
0,5,552.5884195397124,664.6517204129343,678.4858609253819,680.2032025062355,0.05174397677183151,440.52511866649047,418.98878701241983,441.40135469006304,0.052201420068740845,Hier,,256.0,,,0.1,,,0.001,0.01,16384,,
0,6,171.45792396680014,241.72654116936255,280.37268973020167,282.1854391766632,0.06963297724723816,101.18930676423776,192.3655395294266,214.10453801887775,0.056631218641996384,TabM,64.0,512.0,2.0,0.0,0.1,True,True,0.002,0.01,16384,,
0,7,115.16651625587681,221.828038199523,528.8803646681828,530.4128535094321,0.0553787499666214,8.504994312230618,131.97082258533666,153.51907581795388,0.05614534765481949,TabM,32.0,512.0,2.0,0.0,0.1,True,True,0.002,0.001,16384,,
0,8,499.14537445419626,543.0722846766378,639.8695273225452,641.700165743797,0.04778239503502846,455.2184642317547,435.2378985787109,457.54317204937945,0.046310316771268845,TabM,32.0,256.0,2.0,0.0,0.1,False,True,0.002,0.001,16384,,
0,9,344.37910739090194,557.4013534918931,618.6233882510605,620.3228408571126,0.04950249195098877,131.35686128991074,153.3462129289509,175.1090545755063,0.056986983865499496,TabM,64.0,256.0,3.0,0.0,0.1,False,True,0.002,0.01,16384,,
0,10,537.2580664571858,539.8522692125374,742.7311324258445,744.4782889647006,0.04283322021365166,534.6638637018342,529.6806438671254,551.9263094450389,0.044570423662662506,FTT,,,4.0,,0.1,,,0.001,0.0001,8192,32.0,4.0
0,11,128.87055113947054,174.3864770283987,347.5517530979633,348.94113014080074,0.05959055945277214,83.35462525054238,107.34084129703226,129.33615372535678,0.054323840886354446,TabM,8.0,256.0,3.0,0.0,0.1,False,True,0.002,0.0001,16384,,
0,12,302.1382152305019,604.2764304610038,704.0432429238019,705.8202144206605,0.05283188447356224,0.0,47.50047775560206,70.10379069006811,0.0540548674762249,TabM,32.0,256.0,2.0,0.0,0.1,True,True,0.002,0.001,16384,,
0,13,264.59522011569317,529.1904402313863,626.3991292977056,628.0806929289673,0.054313234984874725,0.0,0.0,0.0,0.06484147161245346,TabM,32.0,128.0,3.0,0.0,0.1,True,True,0.002,0.0001,16384,,
0,14,141.5608144289482,283.1216288578964,523.7939328332164,525.2787177416618,0.05754471570253372,0.0,0.0,0.0,0.06129642203450203,TabM,8.0,256.0,2.0,0.0,0.1,False,True,0.002,0.01,16384,,
0,15,409.5935025643149,527.1809120621307,603.2507959057631,605.1589532178325,0.0492430254817009,292.00609306649915,333.73161799826744,356.1799504115615,0.04668689891695976,TabM,8.0,128.0,3.0,0.0,0.1,False,True,0.002,0.01,16384,,
0,16,334.41604493201214,494.9926834042939,626.1784986085095,627.9375811305554,0.05317702144384384,173.83940645973038,160.356101117487,182.0712564498339,0.05831439048051834,TabM,32.0,256.0,3.0,0.0,0.1,False,True,0.002,0.0001,16384,,
0,17,53.437819011664665,67.13014711575704,206.79533637544267,208.82275351951085,0.06194091960787773,39.74549090757229,58.98691869039574,80.54709350155953,0.05899931117892265,TabM,64.0,256.0,2.0,0.0,0.1,False,True,0.002,0.001,16384,,
0,18,507.7947198006361,625.069382170873,725.1939741296786,726.857648786139,0.04323000833392143,390.5200574303991,368.262470273939,390.9551950475487,0.051052190363407135,TabM,8.0,512.0,3.0,0.0,0.1,False,True,0.002,0.0001,16384,,
0,19,365.9776686059601,603.8769100237928,682.9819565919327,684.6277422735802,0.05234729126095772,128.07842718812745,152.86338899759278,174.4950932800804,0.05842790752649307,TabM,64.0,256.0,2.0,0.0,0.1,True,True,0.002,0.01,16384,,
0,20,346.7269091242009,537.2047009420511,658.7781736867471,660.656516040814,0.05060812830924988,156.2491173063507,136.02415929299116,158.4248053920767,0.05980436131358147,TabM,32.0,256.0,3.0,0.0,0.1,False,True,0.002,0.001,16384,,
0,22,400.9266656711752,640.9726807685812,730.0776642502393,731.7473018982889,0.04832638427615166,160.8806505737692,196.40695465853452,218.89105180747936,0.052186690270900726,TabM,8.0,256.0,2.0,0.0,0.1,True,True,0.002,0.0001,16384,,
0,23,104.50460799106276,200.07504484202966,331.66634347505664,333.08553547589656,0.06469440460205078,8.93417114009587,44.66314206024169,66.3842581818619,0.06473737955093384,TabM,64.0,256.0,3.0,0.0,0.1,True,True,0.002,0.0001,16384,,
0,24,319.9167534169656,545.1891466947023,675.4864761504887,677.2932626053496,0.05050886794924736,94.64436013922884,176.6230950515979,198.35613275177576,0.05320626124739647,TabM,32.0,512.0,2.0,0.0,0.1,True,True,0.002,0.0001,16384,,
0,25,478.1609196891967,529.6615165678031,600.7165244756862,602.4577180229418,0.048740942031145096,426.6603228105903,431.1666795032254,453.4242666596855,0.0439179427921772,TabM,32.0,512.0,3.0,0.0,0.1,False,True,0.002,0.0001,16384,,
0,26,322.2537000929171,433.93164941832873,590.245511225751,591.9509268234035,0.055715400725603104,210.57575076750544,221.34689698918297,243.86079808450535,0.052882567048072815,TabM,64.0,128.0,3.0,0.0,0.1,True,True,0.002,0.01,16384,,
0,27,376.42634308499566,600.6867095176838,630.8892619726558,632.6602704779139,0.05127371475100517,152.16597665230756,188.68773254615556,211.451986791078,0.05228529870510101,TabM,8.0,128.0,2.0,0.0,0.1,True,True,0.002,0.001,16384,,
0,28,512.1348985606844,693.5483777074647,754.7823384498331,756.7322367030948,0.05227988585829735,330.7214194139041,317.5123103783539,340.03217226296067,0.05135941877961159,FTT,,,2.0,,0.1,,,0.001,0.001,8192,32.0,4.0
0,29,399.2382538590689,519.8285434190875,594.6581250098948,596.5543563387521,0.04935579001903534,278.6479642990503,324.4387475170307,346.815550459012,0.04640212282538414,TabM,8.0,128.0,3.0,0.0,0.1,False,True,0.002,0.0001,16384,,
0,30,519.3900007215591,585.0219305839844,736.9052896324613,738.7120760873112,0.045068904757499695,453.7580708591338,437.86064586013305,460.0467035452804,0.05284082144498825,FTT,,,3.0,,0.1,,,0.001,0.001,8192,32.0,4.0
0,31,471.3650919153323,704.3354295122151,737.0305124560606,738.7478540369141,0.053034260869026184,238.3947543184495,380.9768337995845,403.31191121663056,0.04466334730386734,FTT,,,3.0,,0.1,,,0.001,0.0001,8192,64.0,4.0
0,32,435.3651098456035,624.7473806244575,658.5277280395374,660.1794767127966,0.0533900111913681,245.98283906674956,306.1987323325743,329.1656534128773,0.05409304052591324,Hier,,128.0,,,0.1,,,0.003,0.0001,16384,,
0,33,366.7021969609108,589.3212475277187,644.4312158966903,646.4705590239595,0.05341809242963791,144.0831463941028,252.3966483276907,274.05219576728257,0.05396782606840134,TabM,64.0,512.0,2.0,0.0,0.1,False,True,0.002,0.01,16384,,
0,34,350.72163189096005,607.1446294206972,670.2450065339204,671.9027181987691,0.049767620861530304,94.29863436122288,72.57751823959157,94.61455619285131,0.05954575911164284,Hier,,64.0,,,0.1,,,0.003,0.0001,16384,,
0,35,332.53183298636577,524.0086005308231,594.3182344886777,595.9938351283389,0.050809115171432495,141.05506544190848,176.77211478349665,198.4276622230885,0.05777957662940025,TabM,64.0,256.0,3.0,0.0,0.1,False,True,0.002,0.0001,16384,,
0,36,402.1260071482013,470.0614155238925,549.1008691844268,550.6691359752791,0.05629764497280121,334.1905987725102,328.28345660003146,350.7377498025987,0.04902372509241104,TabM,32.0,128.0,2.0,0.0,0.1,True,True,0.002,0.01,16384,,
0,37,348.9191211949072,545.9881875691352,609.786234699583,611.4320203812307,0.053750213235616684,151.85005482067913,169.10057898532617,192.02577454070502,0.05245644971728325,TabM,8.0,128.0,2.0,0.0,0.1,True,True,0.002,0.0001,16384,,
0,38,327.2304838841056,654.4609677682112,722.0872555059876,723.7449671708363,0.05030880868434906,0.0,111.69817825776862,134.05709883191895,0.05793904885649681,Hier,,128.0,,,0.1,,,0.001,0.0001,16384,,
0,39,429.6548679212864,561.2415200824228,598.6473663904258,600.4124119040721,0.05343648046255112,298.06821576015,297.44829367545077,319.62839057132487,0.04886413365602493,TabM,8.0,128.0,2.0,0.0,0.1,False,True,0.002,0.01,16384,,
0,40,424.32212375048687,556.8110173234775,581.2413939094596,583.0243283979187,0.0545593798160553,291.8332301774962,292.0716617485275,314.45442547978206,0.05359766632318497,TabM,32.0,128.0,2.0,0.0,0.1,False,True,0.002,0.001,16384,,
0,41,306.136401098428,612.272802196856,727.0782794753461,728.8492879806041,0.050141166895627975,0.0,25.04022376376147,48.04290957971524,0.054238684475421906,TabM,32.0,256.0,2.0,0.0,0.1,True,True,0.002,0.01,16384,,
0,42,307.31409193946456,614.6281838789291,691.1035511513841,692.8387817070392,0.051166657358407974,0.0,0.0,0.0,0.06104888767004013,TabM,64.0,256.0,2.0,0.0,0.1,True,True,0.002,0.0001,16384,,
0,43,382.06786940472307,614.8726665345383,721.3776595055621,723.0115192040088,0.04095659404993057,149.26307227490776,174.87062300446388,196.89573937916595,0.056776147335767746,TabM,8.0,512.0,3.0,0.0,0.1,False,True,0.002,0.01,16384,,
0,44,398.37274710792235,561.790115309635,653.8646686081951,655.7728259202534,0.05743563920259476,234.95537890620977,212.17324229346747,236.80918437104515,0.05876557528972626,TabM,32.0,256.0,3.0,0.0,0.1,True,True,0.002,0.0001,16384,,
0,45,391.31681228923856,651.36617512771,780.8942786670658,782.5341013571241,0.04096800833940506,131.26744945076706,137.86604317926887,161.2919450338146,0.055858589708805084,TabM,8.0,512.0,3.0,0.0,0.1,True,True,0.002,0.01,16384,,
0,46,377.46709403391753,474.7841048712398,532.0586391910798,533.8236847047373,0.05238448083400726,280.1500831965953,261.451087237885,283.5179291375223,0.051660966128110886,TabM,64.0,128.0,2.0,0.0,0.1,False,True,0.002,0.001,16384,,
0,47,343.72194501331444,549.4109447476415,649.8515752612622,651.4198420521144,0.04856186360120773,138.03294527898746,279.6672592652483,300.93535540189896,0.053282350301742554,TabM,64.0,512.0,2.0,0.0,0.1,False,True,0.002,0.001,16384,,
0,48,483.10889413924474,597.0313956667694,660.2987365447955,662.0697450500535,0.043270960450172424,369.18639261172007,415.33482318625306,438.28386189872504,0.04732086509466171,FTT,,,2.0,,0.1,,,0.001,0.0001,8192,64.0,4.0
0,49,491.95461428075953,644.9559591575115,725.4801977264913,727.1438723829405,0.04158659651875496,338.9532694040076,344.3775876451394,367.1418418900618,0.04981885105371475,TabM,8.0,512.0,3.0,0.0,0.1,False,True,0.002,0.001,16384,,
0,50,116.36717491813609,232.73434983627217,481.8621759006714,483.26347892672095,0.057309187948703766,0.0,0.0,0.0,0.061747241765260696,TabM,8.0,256.0,2.0,0.0,0.1,False,True,0.002,0.001,16384,,
0,51,445.62917824535475,622.5231847575841,738.890965835326,740.6083074161795,0.048321206122636795,268.73517173312547,249.39241053261173,272.46066503060496,0.04959292709827423,TabM,8.0,256.0,3.0,0.0,0.1,True,True,0.002,0.0001,16384,,
0,52,312.00100333721446,624.0020066744289,741.8724616354177,743.6196181742738,0.04845542460680008,0.0,32.78924982251796,55.213739078707746,0.05030730739235878,TabM,32.0,256.0,2.0,0.0,0.1,True,True,0.002,0.0001,16384,,
0,53,199.60457466520754,399.2091493304151,425.87564776647156,427.67050823813156,0.06581051647663116,0.0,97.49957820242017,117.00924150265246,0.06084543094038963,TabM,64.0,512.0,2.0,0.0,0.1,True,True,0.002,0.001,16384,,
0,54,358.496121963775,535.2249877307869,609.49404811117,611.3783534568262,0.04853280261158943,181.76725619676316,213.69324355884345,236.03428176516283,0.055516671389341354,TabM,32.0,512.0,2.0,0.0,0.1,False,True,0.002,0.01,16384,,
0,55,345.75294703634296,476.0422960988886,610.3109779603932,612.1177644152542,0.05629698559641838,215.46359797379733,246.65640825494162,268.83054436153134,0.05112417787313461,TabM,64.0,128.0,3.0,0.0,0.1,True,True,0.002,0.0001,16384,,
0,56,146.15340641755404,188.07154275084503,409.3521980423453,411.0814656063999,0.05977821722626686,104.23527008426304,97.90491187318118,119.70947904467178,0.05538185313344002,TabM,64.0,128.0,3.0,0.0,0.1,False,True,0.002,0.001,16384,,
0,57,560.6826725500446,661.9504852180546,690.8173275545826,692.5167801606347,0.05026845261454582,459.41485988203465,438.1825284810348,460.47588037315677,0.04624383896589279,Hier,,256.0,,,0.1,,,0.003,0.0001,16384,,
0,58,182.80980882326992,365.61961764653984,555.749604818645,557.2403527186909,0.05461783707141876,0.0,0.0,0.0,0.06771696358919144,TabM,64.0,128.0,2.0,0.0,0.1,True,True,0.002,0.01,16384,,
0,59,420.4992689270548,578.3195280253727,654.2761150286069,655.9576786598575,0.054442983120679855,262.6790098287368,255.66912164020073,277.8074930111396,0.051407765597105026,TabM,32.0,128.0,2.0,0.0,0.1,True,True,0.002,0.0001,16384,,
0,60,333.7331262241172,667.4662524482344,736.4878802204489,738.151554876898,0.05005835369229317,0.0,88.44513929222586,110.93519723044398,0.05855017155408859,Hier,,128.0,,,0.1,,,0.001,0.001,16384,,
0,61,328.54830502774826,657.0966100554965,722.856481422407,724.5201560788561,0.05081415921449661,0.0,85.71509780382902,108.28264600264426,0.05734756588935852,Hier,,128.0,,,0.1,,,0.001,0.01,16384,,
0,62,302.5470700235899,480.93791220263915,499.0236657260283,500.2401160124625,0.06356022506952286,124.15622784454072,145.33491214204776,167.05602826367905,0.05799713358283043,TabM,64.0,512.0,3.0,0.0,0.1,False,True,0.002,0.0001,16384,,
0,63,358.9215876765639,547.4073795699752,660.0840688471887,661.8431513692458,0.051757413893938065,170.4357957831526,156.2908428312748,178.41729262366712,0.05927959084510803,TabM,32.0,256.0,3.0,0.0,0.1,False,True,0.002,0.01,16384,,
0,64,308.8685036218619,561.7245224020406,659.4341027627681,661.1812593016242,0.05199243500828743,56.0124848416832,80.77956428332867,102.30397435884164,0.05724247917532921,TabM,64.0,256.0,2.0,0.0,0.1,False,True,0.002,0.01,16384,,
0,65,355.0522878010554,624.0556735988334,684.0075911471621,685.7010807616138,0.05139102041721344,86.0489020032773,102.38146461942765,124.52579677965092,0.05757327377796173,TabM,64.0,256.0,2.0,0.0,0.1,True,True,0.002,0.001,16384,,
0,66,410.3399917927908,566.9898439849997,738.0621100028906,739.6840437181473,0.044729724526405334,253.69013960058194,249.61892052509648,272.63948870888123,0.05077708885073662,TabM,8.0,256.0,3.0,0.0,0.1,True,True,0.002,0.001,16384,,
0,67,92.45856009716947,184.91712019433893,220.7785516778915,222.7045979647513,0.07408357411623001,0.0,0.0,0.0,0.06681198626756668,TabM,64.0,512.0,3.0,0.0,0.1,True,True,0.002,0.0001,16384,,
0,68,391.70136067641636,587.2282374760563,692.9759305138506,694.6634571367016,0.046232566237449646,196.1744838767765,403.5563035769463,426.1655773006856,0.04703472554683685,FTT,,,3.0,,0.1,,,0.001,0.001,8192,64.0,4.0
