tag,avg_raw,raw_2024,trend_2024,oracle_2024,meanp_2024,sdp_2024,raw_2023,trend_2023,oracle_2023,meanp_2023,sdp_2023,stage,k,target,how,i,n_estimators,learning_rate,max_depth,min_child_weight,subsample,colsample_bytree,reg_lambda,reg_alpha,max_bin
E_k25_league,765.0987092343909,776.4258857794526,798.7829728987706,811.5720857012842,0.4954723119735718,0.04099717363715172,753.7715326893291,695.5497152467905,760.9956156889641,0.49572065472602844,0.039577752351760864,E,25.0,league,,,,,,,,,,,
E_k25_career,761.4559509723617,774.0577524853354,798.8724489678134,811.6198062714352,0.49579060077667236,0.040951840579509735,748.854149459388,690.5369645845094,755.97690456215,0.4957537353038788,0.03959428891539574,E,25.0,career,,,,,,,,,,,
E_k50_league,767.6489591688207,781.9972623454796,802.2963998767008,815.0497222515929,0.49519187211990356,0.04104524478316307,753.3006559921618,696.1040384472539,761.5618598184715,0.4954220652580261,0.03946090489625931,E,50.0,league,,,,,,,,,,,
E_k50_career,761.0731452858898,770.5980111488375,793.3070374730678,806.018604349068,0.4955122768878937,0.04099734500050545,751.5482794229422,692.2476179020754,757.699478808771,0.49604639410972595,0.03954335302114487,E,50.0,career,,,,,,,,,,,
E_k100_league,763.667090160397,781.2754887218221,802.6543041528834,815.3479758150839,0.4953345060348511,0.04093126580119133,746.058691598972,688.0276090211024,753.4973513213639,0.4956548810005188,0.03915342316031456,E,100.0,league,,,,,,,,,,,
E_k100_career,755.1682916929869,767.97337979011,790.378187479579,803.0778242130499,0.4954705834388733,0.04094091057777405,742.3632035958639,682.5916653778186,748.0971704652006,0.4961812198162079,0.039271049201488495,E,100.0,career,,,,,,,,,,,
E_k150_league,756.5595540845904,782.098668557063,802.4216663733652,815.1332332493655,0.4951920807361603,0.040792085230350494,731.0204396121178,673.1979732924942,738.7452016315299,0.4955686032772064,0.03895480930805206,E,150.0,league,,,,,,,,,,,
E_k150_career,749.6336157215899,766.9772128880536,789.8592262791104,802.5707931551107,0.4955374002456665,0.04088883846998215,732.2900185551262,671.3025455747701,736.8140111266741,0.49659886956214905,0.03934742137789726,E,150.0,career,,,,,,,,,,,
E_k300_league,745.9093665210747,769.6734251020132,793.8021383884663,806.4838799081153,0.4956969916820526,0.040159836411476135,722.1453079401363,664.0605811815803,729.5958885915721,0.49564504623413086,0.03855733200907707,E,300.0,league,,,,,,,,,,,
E_k300_career,737.772905991324,760.8510846939365,782.6235948288019,795.3172664910024,0.49538737535476685,0.04044518992304802,714.6947272887116,652.7893427720977,718.3067687885236,0.4969481825828552,0.03901579976081848,E,300.0,career,,,,,,,,,,,
E_k600_league,732.0481055494488,761.435661678378,784.5622429915045,797.2320543686129,0.4955637753009796,0.039823148399591446,702.6605494205196,642.1797159244625,707.7686675151407,0.49638351798057556,0.038063324987888336,E,600.0,league,,,,,,,,,,,
E_k600_career,725.2212108042277,755.8344597560107,778.269092801831,790.9687295352908,0.49547532200813293,0.040080681443214417,694.6079618524448,631.6535355801122,697.188842990104,0.4974125921726227,0.03896595910191536,E,600.0,career,,,,,,,,,,,
E_k1200_league,718.9126092809306,749.5413095663483,773.7416037080336,786.435275370223,0.49570345878601074,0.039340924471616745,688.2839089955129,626.3844849434208,691.9197923534126,0.4969359040260315,0.03768397495150566,E,1200.0,league,,,,,,,,,,,
E_k1200_career,715.6017693296269,750.0543056955466,769.0411275474096,781.7705896372207,0.49500414729118347,0.03933672979474068,681.149232963707,617.6464439554219,683.1579095073259,0.4977152943611145,0.038959044963121414,E,1200.0,career,,,,,,,,,,,
E_k100_career_raw,772.4286873880603,780.5358198843649,803.0301036428878,815.7595657326988,0.49548816680908203,0.04158743843436241,764.3215548917559,706.7196257594111,772.1714866661067,0.4955447316169739,0.03991589695215225,E,100.0,career_raw,,,,,,,,,,,
E_k300_career_raw,769.5151554666379,775.7577977972385,798.9619250368673,811.6913871266785,0.4955800771713257,0.04168032854795456,763.2725131360373,703.9539702216047,769.3879497347344,0.49606096744537354,0.03998629376292229,E,300.0,career_raw,,,,,,,,,,,
F_제외(기준),756.5595540845904,782.098668557063,802.4216663733652,815.1332332493655,0.4951920807361603,0.040792085230350494,731.0204396121178,673.1979732924942,738.7452016315299,0.4955686032772064,0.03895480930805206,F,,,제외(기준),,,,,,,,,,
F_전부사용,371.4242498008002,742.8484996016005,787.192839421491,799.85072065607,0.49803924560546875,0.03966646268963814,0.0,0.0,0.0,0.5134286284446716,0.05566686764359474,F,,,전부사용,,,,,,,,,,
F_F전체제외,747.7819517110406,764.5434638099636,790.0858989873583,802.7915007920883,0.4958806037902832,0.04056801646947861,731.0204396121178,673.1979732924942,738.7452016315299,0.4955686032772064,0.03895480930805206,F,,,F전체제외,,,,,,,,,,
F_R만+최근F,756.5595540845904,782.098668557063,802.4216663733652,815.1332332493655,0.4951920807361603,0.040792085230350494,731.0204396121178,673.1979732924942,738.7452016315299,0.4955686032772064,0.03895480930805206,F,,,R만+최근F,,,,,,,,,,
F_체제플래그피처,756.1332495789941,781.7586594946802,802.737815150667,815.4255217415862,0.4952808618545532,0.040677618235349655,730.507839663308,672.7390175243709,738.2624040053076,0.4955626428127289,0.03885713219642639,F,,,flag,,,,,,,,,,
F_가중0.1,450.5693264632016,779.921417543572,807.2772343870049,819.9589759066539,0.4961121380329132,0.04044223204255104,121.21723538283113,88.48832469723345,148.96319772876865,0.5086689591407776,0.047727037221193314,F,,,weight0.1,,,,,,,,,,
F_가중0.3,375.3910221952317,750.7820443904634,788.8988498046646,801.5746262530432,0.49737435579299927,0.04028542712330818,0.0,0.0,0.0,0.5128232836723328,0.055589139461517334,F,,,weight0.3,,,,,,,,,,
F_가중0.5,367.93766564358623,735.8753312871725,777.6666206035787,790.330466909428,0.4977715015411377,0.03993642330169678,0.0,0.0,0.0,0.5133646130561829,0.056178100407123566,F,,,weight0.5,,,,,,,,,,
F_최근가중hl1.0,735.5397363998428,781.4783011449999,803.3701127052706,816.0100987260276,0.49539774656295776,0.04107757657766342,689.6011716546857,630.7654263664641,696.288812847412,0.4958677589893341,0.03627859428524971,F,,,recency1.0,,,,,,,,,,
F_최근가중hl2.0,754.3284334938671,784.8783917688063,806.7224827589037,819.3982592072934,0.4953950345516205,0.041160948574543,723.7784752189281,666.4745693126473,731.9025883612551,0.49545544385910034,0.038128290325403214,F,,,recency2.0,,,,,,,,,,
F_최근가중hl4.0,758.9380742604457,782.8621976796013,804.9985771619306,817.6862837528498,0.4954361021518707,0.040885698050260544,735.01395084129,677.3106938120832,742.7565942542569,0.495564341545105,0.038714926689863205,F,,,recency4.0,,,,,,,,,,
G0,419.43296417292777,381.44869164784546,506.9060705948481,519.4386853327514,0.5046695470809937,0.02035469375550747,457.41723669801,422.95383083674756,489.3832079249094,0.5088712573051453,0.01959827169775963,G,,,,0.0,350.0,0.003,6.0,800.0,1.0,0.4,1500.0,1.0,256.0
G1,706.0990287707847,737.7781890222424,757.3197625021954,769.9955389505852,0.4950789213180542,0.03687843307852745,674.419868519327,610.6428981430768,676.2974148434964,0.4977908134460449,0.03566748648881912,G,,,,1.0,200.0,0.03,7.0,300.0,0.7,0.25,1500.0,1.0,64.0
G2,732.3197926971447,762.6942917163149,783.9001200805495,796.5878266714687,0.4953072667121887,0.04068172350525856,701.9452936779746,644.4029691908493,709.7773440587596,0.4955420196056366,0.03897157311439514,G,,,,2.0,500.0,0.02,4.0,1500.0,0.7,0.4,1500.0,1.0,64.0
G3,497.75966936835835,466.96991844336065,568.9786022286758,581.5112169665792,0.5030242800712585,0.02309555932879448,528.5494202933561,481.55115754412446,547.920929987078,0.5068944096565247,0.022138677537441254,G,,,,3.0,200.0,0.005,6.0,3000.0,0.9,0.55,5.0,1.0,64.0
G4,714.7143938899758,728.8007567611498,752.0168141433193,764.5971494513848,0.4955722987651825,0.03596293553709984,700.6280310188017,636.5709188100643,702.1956331878631,0.4979800581932068,0.03451775014400482,G,,,,4.0,700.0,0.005,6.0,1500.0,0.7,0.7,1500.0,1.0,256.0
G5,253.37943264482354,186.0389219195735,376.21135907293103,388.755903953375,0.5086010098457336,0.014966662041842937,320.71994337007357,319.21790631074253,385.7545717602884,0.5126798152923584,0.014741694554686546,G,,,,5.0,200.0,0.003,3.0,3000.0,0.5,0.7,100.0,30.0,128.0
G6,585.7187047187906,568.4954314558178,618.8823884720529,631.4925491364587,0.49865296483039856,0.0292837955057621,602.9419779817636,539.1471262119474,605.2844405385671,0.5023755431175232,0.028100373223423958,G,,,,6.0,200.0,0.012,3.0,800.0,0.5,0.25,100.0,0.0,256.0
G7,732.6346532199157,744.5545099847739,759.371747019022,772.0057679685088,0.4943956732749939,0.03771071881055832,720.7147964550576,659.1253165580735,724.684465826142,0.4968145191669464,0.036090314388275146,G,,,,7.0,700.0,0.005,5.0,3000.0,0.7,0.7,100.0,1.0,64.0
G8,558.9319085733624,544.1281153185762,614.3370041644336,626.887514116159,0.5004910230636597,0.025527706369757652,573.7357018281486,517.2781818838623,583.5525868944758,0.5048987865447998,0.024488456547260284,G,,,,8.0,500.0,0.003,7.0,300.0,0.5,0.25,30.0,1.0,128.0
G9,737.7469967054906,778.6508573631057,805.4578876497076,818.1694545257079,0.4960405230522156,0.04171488434076309,696.8431360478755,639.7836091869613,705.2771933452995,0.4953652322292328,0.03961757943034172,G,,,,9.0,1000.0,0.012,5.0,300.0,1.0,0.25,1500.0,5.0,256.0
G10,722.0514364927544,751.2055644506299,786.3219390160991,799.0633312484507,0.4970351755619049,0.042737435549497604,692.8973085348789,641.2498834591606,706.6540606496807,0.49409177899360657,0.04068499058485031,G,,,,10.0,700.0,0.03,3.0,1500.0,1.0,0.55,1500.0,5.0,64.0
G11,750.0227142267556,786.7335289337141,812.2043832558768,824.9099850606178,0.4958684742450714,0.0429590567946434,713.3118995197973,661.3485698244604,726.6633400471623,0.49418672919273376,0.041466668248176575,G,,,,11.0,1000.0,0.02,4.0,800.0,0.5,0.55,1500.0,5.0,128.0
G12,756.0071423506897,779.3308754878603,802.0697271684418,814.757433759361,0.49551254510879517,0.04115154594182968,732.6834092135192,678.037870483661,743.4182058161043,0.49478697776794434,0.0396650992333889,G,,,,12.0,350.0,0.02,5.0,3000.0,0.7,0.7,400.0,1.0,256.0
G13,668.4383834965447,669.7405861185946,697.7108053028203,710.273245397075,0.4961812496185303,0.033673617988824844,667.1361808744947,601.7260432194527,667.5116901393219,0.4989967346191406,0.032370198518037796,G,,,,13.0,1000.0,0.003,4.0,1500.0,0.7,0.7,1500.0,0.0,128.0
G14,729.0217680524013,780.9593399445203,816.2546666480974,829.0974650920324,0.4970589280128479,0.04640362784266472,677.0841961602824,627.8507592156312,693.1238061866795,0.4936213791370392,0.0443073995411396,G,,,,14.0,1400.0,0.012,7.0,1500.0,0.7,0.7,100.0,0.0,128.0
G15,720.7333633799495,756.8246615868079,766.1957885517046,778.7820889310404,0.4935242831707001,0.03918924927711487,684.6420651730912,627.2606732280361,692.6052457733479,0.49550822377204895,0.03741157054901123,G,,,,15.0,200.0,0.03,6.0,6000.0,0.5,0.55,100.0,0.0,64.0
G16,738.2484562350301,772.9542143004143,794.4046105867186,807.1221425339892,0.4953449070453644,0.04123635217547417,703.5426981696457,645.5652597724737,711.0886462534105,0.4956115782260895,0.039314381778240204,G,,,,16.0,500.0,0.02,4.0,800.0,0.7,0.25,30.0,30.0,256.0
G17,752.1885273515384,776.9030914810404,793.8140685310069,806.5077401931964,0.4947080612182617,0.04016485810279846,727.4739632220362,668.5547714305295,734.0304741953018,0.49591460824012756,0.038493260741233826,G,,,,17.0,500.0,0.012,6.0,1500.0,0.5,0.4,400.0,5.0,256.0
G18,604.2038169401353,580.6462816324575,627.3587547464765,639.9689154108823,0.49827906489372253,0.030469538643956184,627.7613522478132,562.6850006059448,628.6911847131038,0.5014804601669312,0.029380308464169502,G,,,,18.0,700.0,0.003,3.0,3000.0,1.0,0.7,100.0,1.0,128.0
G19,756.7076492887736,787.4433724148311,810.8741723627078,823.585739238708,0.4956052601337433,0.042577434331178665,725.9719261627163,672.2621803626816,737.5471482627738,0.4945853352546692,0.04090437665581703,G,,,,19.0,500.0,0.02,5.0,3000.0,0.7,0.55,100.0,30.0,128.0
G20,747.4536342426785,786.4233452276825,809.4365901866852,822.1720173477664,0.4955522418022156,0.04161680489778519,708.4839232576745,651.5138033645674,716.9060596260546,0.4953788220882416,0.03980942443013191,G,,,,20.0,350.0,0.02,6.0,3000.0,0.9,0.4,5.0,1.0,64.0
G21,758.9945097967011,782.373061835473,806.9551205384329,819.6487922006223,0.49575626850128174,0.04212023317813873,735.6159577579291,681.1790352863056,746.6428171220451,0.4947102963924408,0.03971966356039047,G,,,,21.0,1000.0,0.008,4.0,300.0,0.7,0.55,100.0,5.0,128.0
G22,760.3089982263389,806.0603598479598,820.3228452541179,832.9747614174155,0.49430495500564575,0.043750517070293427,714.5576366047179,663.8579253878673,728.9581188878013,0.49397122859954834,0.041456256061792374,G,,,,22.0,1400.0,0.012,6.0,6000.0,0.7,0.7,1500.0,1.0,128.0
G23,748.1657712163636,778.3466387283444,801.8490195314643,814.6083069776156,0.4956183433532715,0.04212046042084694,717.9849037043829,664.298999762425,729.7389397400766,0.49454230070114136,0.04043015092611313,G,,,,23.0,500.0,0.02,4.0,800.0,0.5,0.4,100.0,0.0,128.0
G24,207.3543751271223,144.00306468109747,350.10820719616476,362.64678700534955,0.5094698071479797,0.013471466489136219,270.7056855731471,281.22590545296424,347.73872904442226,0.51380854845047,0.012998259626328945,G,,,,24.0,200.0,0.003,4.0,1500.0,0.9,0.4,1500.0,5.0,256.0
G25,710.7588981480451,734.6345964630463,752.4582294172855,765.0922503667834,0.4948377013206482,0.03637884557247162,686.8831998330438,622.6234318305824,688.4150392149735,0.4979937970638275,0.03491641581058502,G,,,,25.0,700.0,0.005,6.0,1500.0,1.0,0.25,5.0,1.0,64.0
G26,748.8248332769454,779.462107055795,792.2929753572006,804.9031360216063,0.49408912658691406,0.03977755829691887,718.1875594980958,659.3518142098742,724.7023472197078,0.49593132734298706,0.038131896406412125,G,,,,26.0,200.0,0.03,6.0,3000.0,0.7,0.55,1500.0,0.0,128.0
G27,737.3208149470067,794.0646015243358,819.6845826282439,832.4558002169468,0.4958938956260681,0.04442895948886871,680.5770283696777,627.5825383121769,692.9807550381751,0.49438855051994324,0.042146265506744385,G,,,,27.0,350.0,0.03,7.0,300.0,0.7,0.7,100.0,30.0,128.0
G28,757.7028188297419,786.8528303591194,814.6918179753992,827.4451403502914,0.4961708188056946,0.042907312512397766,728.5528073003644,673.4363918733388,738.6796365217884,0.4949413537979126,0.04090842232108116,G,,,,28.0,350.0,0.02,6.0,3000.0,1.0,0.7,5.0,5.0,64.0
G29,751.6546794782864,791.338563954025,818.0143626726921,830.7318946199626,0.49602657556533813,0.04178418964147568,711.9707950025478,653.3079031854405,718.8134082728226,0.4958260655403137,0.03959771990776062,G,,,,29.0,500.0,0.012,6.0,300.0,1.0,0.55,400.0,0.0,64.0
G30,705.272383992267,711.7227577156382,728.6754902644855,741.2737207863618,0.4947086572647095,0.0362713560461998,698.8220102688958,635.1404073249855,700.8306868125258,0.49771592020988464,0.034568075090646744,G,,,,30.0,700.0,0.005,4.0,6000.0,1.0,0.55,30.0,5.0,64.0
G31,723.5219657656334,777.6606555323085,786.477030869115,799.1647374600342,0.4934356212615967,0.040797580033540726,669.3832759989582,613.3966327518503,678.7114029745522,0.4951297640800476,0.03852897137403488,G,,,,31.0,1400.0,0.008,7.0,6000.0,0.5,0.25,30.0,5.0,128.0
G32,746.4559063210862,795.8242975489304,825.1605180539467,837.8840150724875,0.4963545501232147,0.04297070577740669,697.087515093242,642.2810438213133,707.5660117214167,0.4948410391807556,0.04139300808310509,G,,,,32.0,1400.0,0.012,6.0,300.0,0.7,0.55,1500.0,30.0,128.0
G33,762.5652801745098,798.9798202506781,823.5559138823567,836.2853759721678,0.4957607686519623,0.04273252934217453,726.1507400983413,672.822464027667,738.3220086505271,0.4944397509098053,0.04047393798828125,G,,,,33.0,700.0,0.008,6.0,300.0,0.7,0.7,30.0,1.0,256.0
G34,757.6149248447294,783.0530799602386,805.5533287900207,818.2350703096807,0.4954850971698761,0.04001254588365555,732.1767697292203,672.6853733436733,738.2385621472309,0.4960736036300659,0.03825271129608154,G,,,,34.0,700.0,0.005,7.0,1500.0,0.9,0.7,5.0,0.0,128.0
G35,728.1206178015032,762.6227108610717,772.5306942402588,785.1408549046756,0.4936133921146393,0.03962114453315735,693.6185247419346,639.1458394831906,704.4904120285023,0.4947476387023926,0.037760812789201736,G,,,,35.0,1400.0,0.005,4.0,6000.0,0.5,0.7,30.0,5.0,64.0
G36,733.6916722292531,780.6491562384888,817.5311918998341,830.3322348448883,0.49723803997039795,0.04649154096841812,686.7341882200174,635.9152677127389,701.1287100385788,0.4939556121826172,0.04432143643498421,G,,,,36.0,1400.0,0.012,7.0,1500.0,0.7,0.7,100.0,5.0,256.0
G37,755.9365042438315,797.0650323730566,824.7191027799805,837.5082155824831,0.4961482882499695,0.04384356737136841,714.8079761146064,662.7611999159733,728.2369026807456,0.49416282773017883,0.04139694944024086,G,,,,37.0,1000.0,0.008,6.0,800.0,0.9,0.55,100.0,1.0,64.0
G38,726.751959389138,776.1634226435832,808.1660300062077,820.9312825236403,0.4966753423213959,0.045341018587350845,677.3404961346929,621.7710854040548,687.2169858462285,0.4949812889099121,0.04234922677278519,G,,,,38.0,1000.0,0.02,5.0,300.0,0.7,0.25,100.0,5.0,64.0
G39,733.2079739836738,778.3168133719931,809.687123180014,822.4464106261764,0.49659788608551025,0.043499261140823364,688.0991345953546,633.990037672405,699.2273218563328,0.49468719959259033,0.04167226329445839,G,,,,39.0,1000.0,0.02,5.0,3000.0,1.0,0.25,1500.0,30.0,64.0
G40,763.6682928559402,792.1080581478335,814.1549615611087,826.8963537934604,0.49542513489723206,0.04249795526266098,735.2285275640469,682.1386700742171,747.5309263356933,0.4944233000278473,0.040767088532447815,G,,,,40.0,350.0,0.02,5.0,800.0,0.5,0.7,100.0,0.0,64.0
G41,416.4312276450921,379.78443676356386,498.16127611328477,510.71775113626927,0.5041874051094055,0.02022300660610199,453.0780185266203,416.4688454377452,482.92206438398375,0.5085693001747131,0.019520973786711693,G,,,,41.0,200.0,0.005,7.0,6000.0,0.7,0.4,400.0,30.0,256.0
G42,745.3040430795254,768.8025246966213,778.2631277305608,790.903113751329,0.49354287981987,0.03972073271870613,721.8055614624296,667.6666622168703,733.0529580138357,0.4946751892566681,0.037610139697790146,G,,,,42.0,200.0,0.03,4.0,6000.0,0.7,0.7,30.0,5.0,256.0
G43,735.2666293711396,753.3887805353801,776.0500862894593,788.7735833080001,0.49550530314445496,0.04139186441898346,717.1444782068992,661.8134860571057,727.2713074283232,0.49493205547332764,0.03926902264356613,G,,,,43.0,1400.0,0.008,3.0,800.0,0.7,0.4,400.0,5.0,64.0
G44,742.2562908126762,779.1757836348445,797.118718014489,809.8601102468406,0.4948560893535614,0.04082762077450752,705.3367979905079,646.5070131668083,711.9648345380258,0.4958984851837158,0.039217930287122726,G,,,,44.0,350.0,0.02,7.0,3000.0,1.0,0.25,400.0,1.0,256.0
G45,760.9340404859056,796.2537826803673,805.8396522109712,818.4617430179286,0.4935590624809265,0.0413430854678154,725.6142982914438,671.5826874072684,736.8378529847619,0.4946761131286621,0.03895439952611923,G,,,,45.0,1400.0,0.005,6.0,6000.0,0.7,0.7,100.0,5.0,128.0
G46,694.3036659623814,692.4973330129869,712.6831341900842,725.3052249970415,0.49516522884368896,0.03581049665808678,696.1099989117758,632.3687913226572,698.0769522037522,0.4977354407310486,0.03457886353135109,G,,,,46.0,1400.0,0.003,3.0,800.0,1.0,0.55,100.0,30.0,256.0
G47,733.568642941762,747.6026614036457,767.6214405851866,780.356867746268,0.49514639377593994,0.04076605290174484,719.5346244798784,663.6075858779789,729.0177235330209,0.49509626626968384,0.03904210031032562,G,,,,47.0,500.0,0.02,3.0,1500.0,0.5,0.4,5.0,30.0,256.0
G48,751.9990985001168,780.285286891036,805.7621062844689,818.4557779466584,0.4958740174770355,0.040059544146060944,723.7129101091977,663.6016254134569,729.1250118943938,0.4962857961654663,0.03846783563494682,G,,,,48.0,1400.0,0.003,7.0,1500.0,1.0,0.7,400.0,0.0,128.0
G49,604.2711444653737,592.9283633770322,657.0648096702158,669.6570751208219,0.4999557137489319,0.02806759625673294,615.6139255537151,555.0436850898399,621.2644459197559,0.5036957263946533,0.02680336870253086,G,,,,49.0,200.0,0.008,7.0,300.0,0.7,0.4,100.0,5.0,64.0
G50,753.208052403076,777.6427603184976,808.2077855050995,820.9074222385593,0.49650171399116516,0.04400412365794182,728.7733444876543,678.6517983293438,743.9904104101336,0.4937969446182251,0.041658803820610046,G,,,,50.0,500.0,0.03,4.0,300.0,0.7,0.55,400.0,1.0,128.0
G51,712.8623666145638,740.8621308687468,751.7304907223687,764.3287212442451,0.49377164244651794,0.03669771924614906,684.862602360381,622.2836853528758,687.8845578725978,0.49721235036849976,0.03479332476854324,G,,,,51.0,500.0,0.008,7.0,6000.0,0.9,0.4,1500.0,1.0,256.0
G52,735.8256978568845,773.3956295743805,792.2870102859303,804.9926120906603,0.4949914216995239,0.04054959863424301,698.2557661393885,639.6763208255774,705.324877061464,0.49575531482696533,0.03839559480547905,G,,,,52.0,500.0,0.012,5.0,800.0,1.0,0.25,5.0,0.0,128.0
G53,524.2912557037072,509.59631773753733,579.7574860132548,592.3199261075096,0.5004820227622986,0.024911420419812202,538.986193669877,484.8711362824054,551.1574622220517,0.505458414554596,0.023781808093190193,G,,,,53.0,500.0,0.003,7.0,6000.0,0.9,0.25,100.0,0.0,128.0
G54,748.2368499359903,777.1894149019909,784.0194215059437,796.6653725979822,0.493088960647583,0.03975240886211395,719.2842849699898,660.6690768690471,726.079214524089,0.49585360288619995,0.037835124880075455,G,,,,54.0,700.0,0.008,5.0,6000.0,0.9,0.55,30.0,30.0,128.0
G55,248.81760885598902,180.6822879192649,375.1257161018207,387.65236576846496,0.5088374018669128,0.014819181524217129,316.9529297927132,318.01389247747557,384.5326765334556,0.5129259824752808,0.014482405968010426,G,,,,55.0,200.0,0.003,3.0,3000.0,0.5,0.55,100.0,1.0,256.0
G56,723.8043010431904,744.7513573366704,763.9648518967923,776.7002790578737,0.4950351119041443,0.04076426848769188,702.8572447497106,645.136106326949,710.6058486271993,0.4955555200576782,0.038909561932086945,G,,,,56.0,1000.0,0.012,3.0,3000.0,0.7,0.25,400.0,30.0,256.0
G57,742.2030546633817,787.9504034727591,813.6717907882618,826.4191480918837,0.4959004521369934,0.043004319071769714,696.4557058540043,640.2544858841286,705.4977305325782,0.49521616101264954,0.041202612221241,G,,,,57.0,700.0,0.02,7.0,3000.0,0.9,0.25,1500.0,0.0,64.0
G58,708.1863357961015,733.0240272201971,748.6942694460264,761.3581157518756,0.4945215582847595,0.036373455077409744,683.348644372006,619.1723228728407,684.8685628249029,0.49801552295684814,0.03482748568058014,G,,,,58.0,350.0,0.012,6.0,1500.0,0.9,0.25,400.0,30.0,64.0
G59,728.4790393700946,795.5499042705205,815.4851724542889,828.3041106131428,0.49513980746269226,0.04697071388363838,661.4081744696687,614.338386146196,679.3908959299655,0.4932556748390198,0.04487689211964607,G,,,,59.0,1400.0,0.03,5.0,6000.0,0.9,0.55,400.0,0.0,128.0
G60,608.0022228366732,600.1997852549512,638.9429231524746,651.5590488881618,0.4974347651004791,0.03096913732588291,615.8046604183953,550.5852576280223,616.6152835932692,0.5013588070869446,0.029929913580417633,G,,,,60.0,1000.0,0.003,3.0,3000.0,0.9,0.25,1500.0,0.0,64.0
G61,749.2196474206846,783.1485211005518,809.5976471109711,822.3509694858521,0.4959980249404907,0.04307937994599342,715.2907737408176,660.776365230431,726.186502885473,0.494744211435318,0.04113990068435669,G,,,,61.0,500.0,0.02,6.0,300.0,0.5,0.4,100.0,1.0,256.0
G62,703.7400108957593,725.776465627348,745.8787558066726,758.476986328549,0.4951539933681488,0.035916198045015335,681.7035561641704,617.539155594049,683.2175141525454,0.4980139434337616,0.0345245786011219,G,,,,62.0,350.0,0.012,6.0,800.0,0.7,0.4,1500.0,30.0,128.0
G63,737.1727582319131,773.3836994318399,796.3134333930589,809.0607906966807,0.4955398142337799,0.04167940840125084,700.9618170319865,643.3777692932074,708.8236697353811,0.4955345392227173,0.04013502597808838,G,,,,63.0,500.0,0.02,5.0,3000.0,0.9,0.25,5.0,30.0,256.0
G64,729.5933678258037,748.5212823791998,762.8016629991686,775.447614091207,0.4943142533302307,0.037737589329481125,710.6654532724077,648.2295874134181,713.8721831847938,0.4971274435520172,0.03605308756232262,G,,,,64.0,500.0,0.008,5.0,3000.0,0.9,0.4,5.0,30.0,256.0
G65,748.1404736256914,774.5767136858151,801.7535783911401,814.4293548395299,0.49608707427978516,0.04199879989027977,721.7042335655676,666.6593437128055,732.0337185807158,0.4948839843273163,0.03974836319684982,G,,,,65.0,1000.0,0.012,4.0,1500.0,1.0,0.7,1500.0,30.0,64.0
G66,754.8575469660257,789.0539416576803,811.6973521979487,824.4327793590301,0.495502769947052,0.04165487363934517,720.6611522743711,665.681827531328,731.0264000766398,0.4948740601539612,0.03999695926904678,G,,,,66.0,1400.0,0.008,5.0,300.0,0.5,0.4,400.0,30.0,256.0
G67,750.7580721498597,800.2026598609824,811.500504846041,824.2061066507711,0.493847131729126,0.04317774996161461,701.313484438737,647.2163084448201,712.4357112351931,0.4946926236152649,0.04061838611960411,G,,,,67.0,700.0,0.02,6.0,6000.0,0.7,0.4,5.0,30.0,128.0
G68,730.9133682302461,786.4829959403852,819.8038840536382,832.5572064285302,0.49682968854904175,0.04425923153758049,675.3437405201068,622.051227236553,687.3123532785686,0.4944895803928375,0.04241317883133888,G,,,,68.0,1000.0,0.02,6.0,300.0,0.7,0.7,1500.0,5.0,64.0
G69,744.7119087594544,802.0876223822527,828.6679799606067,841.4332324780394,0.49600812792778015,0.04384283721446991,687.3361951366563,634.3059422920238,699.4657404371774,0.4944639503955841,0.04204937443137169,G,,,,69.0,500.0,0.03,7.0,800.0,0.5,0.4,400.0,30.0,64.0
G70,716.837779300289,778.889460213894,809.4186949728743,822.2495632742688,0.4964979887008667,0.04540843516588211,654.7860983866838,600.7485270379754,665.9083251831399,0.494693785905838,0.04364253580570221,G,,,,70.0,1000.0,0.03,7.0,1500.0,0.9,0.25,1500.0,30.0,64.0
G71,678.8490534355208,671.6016883547837,701.4628351315389,714.0610656534152,0.4964141547679901,0.033928077667951584,686.0964185162577,620.4955459965356,686.3348370971023,0.4991960823535919,0.032747071236371994,G,,,,71.0,500.0,0.005,4.0,300.0,1.0,0.7,30.0,5.0,128.0
G72,703.0765836422426,759.6640355112427,791.7441888003696,804.6466379570072,0.49668699502944946,0.04684440791606903,646.4891317732424,596.1112856405326,661.3604907535042,0.493855357170105,0.04461846873164177,G,,,,72.0,500.0,0.03,7.0,800.0,0.7,0.55,30.0,0.0,256.0
G73,736.3008328249376,768.9874419059772,774.487237616761,787.1988044927614,0.49284955859184265,0.040299706161022186,703.614223743898,646.1076620438932,711.5714438796217,0.495502769947052,0.03834794834256172,G,,,,73.0,1000.0,0.008,4.0,3000.0,0.5,0.25,5.0,1.0,128.0
G74,475.82587691264996,430.23700956376086,538.3897167569929,550.934261637448,0.5034703612327576,0.022488370537757874,521.4147442615391,474.84563495783226,541.2094469362638,0.5069735050201416,0.02203652821481228,G,,,,74.0,350.0,0.003,4.0,1500.0,0.7,0.55,5.0,1.0,128.0
G75,692.096141771098,717.795200268323,728.0730180662331,740.7189691582716,0.4936809539794922,0.03585249185562134,666.397083273873,601.9286990131656,667.6666622168703,0.49816957116127014,0.0339299775660038,G,,,,75.0,200.0,0.02,6.0,6000.0,0.9,0.25,100.0,30.0,128.0
G76,749.6314814959826,784.6039984903852,813.2840611557168,826.0314184593387,0.49627426266670227,0.04326651990413666,714.6589645015799,659.3100909582316,724.7798332584821,0.4949299693107605,0.0408160462975502,G,,,,76.0,500.0,0.02,5.0,1500.0,0.7,0.4,5.0,5.0,64.0
G77,724.5901643160303,765.5277005694794,797.3811811503584,810.170293952872,0.49665600061416626,0.04391942545771599,683.652628062581,632.8933122005109,698.3332521781626,0.49390047788619995,0.04140987619757652,G,,,,77.0,500.0,0.03,4.0,300.0,0.9,0.25,30.0,1.0,128.0
G78,390.50159985550835,337.03277097271166,476.5021023325433,489.0645424267981,0.5055896639823914,0.020114336162805557,443.97042873830503,413.28595738345797,479.72725540065267,0.5093870162963867,0.01963227055966854,G,,,,78.0,200.0,0.005,3.0,1500.0,0.7,0.4,30.0,5.0,128.0
G79,645.6234663620496,720.5570282662554,760.1173809277495,773.133166438511,0.4975348114967346,0.04872758686542511,570.6899044578439,517.0278423739849,582.4737428161475,0.4944976270198822,0.04657962545752525,G,,,,79.0,1000.0,0.03,6.0,800.0,1.0,0.55,100.0,5.0,64.0
G80,720.6335270672548,737.5336211001837,755.0053148495106,767.6095104426462,0.4947843849658966,0.03618806228041649,703.7334330343259,639.6047952513251,705.2891142743433,0.4979928433895111,0.034341346472501755,G,,,,80.0,1000.0,0.003,7.0,3000.0,0.7,0.55,400.0,5.0,64.0
G81,746.8275831051529,793.6172211790993,803.1911605671737,815.9444829420659,0.4935714900493622,0.042442381381988525,700.0379450312066,646.6202619927142,712.0303996477562,0.4944859445095062,0.04040020331740379,G,,,,81.0,500.0,0.03,4.0,6000.0,0.9,0.25,100.0,5.0,256.0
G82,752.7183844794782,775.2865571669209,797.3931112928989,810.0390623849374,0.4954322576522827,0.039809562265872955,730.1502117920355,670.813787484037,736.3550553585508,0.496025949716568,0.038212958723306656,G,,,,82.0,200.0,0.02,5.0,800.0,0.9,0.7,5.0,0.0,256.0
G83,710.8490207970108,721.0521291816541,741.1305590758866,753.800370453006,0.4951561689376831,0.03805997595191002,700.6459124123676,639.6405580384456,705.2891142743433,0.4965597987174988,0.03648889437317848,G,,,,83.0,500.0,0.012,3.0,800.0,0.9,0.4,400.0,1.0,128.0
G84,757.3381229050324,791.7024333014888,813.3437118684195,826.0075581742576,0.49537160992622375,0.04043665528297424,722.9738125085761,664.0426997880145,729.7091374174669,0.49585169553756714,0.03839339315891266,G,,,,84.0,200.0,0.02,6.0,300.0,0.9,0.55,30.0,5.0,256.0
G85,737.4209720614256,775.5967408729525,795.53797412798,808.2256807189103,0.49513280391693115,0.03992345556616783,699.2452032498986,640.2544858841286,705.7123072553462,0.4959360659122467,0.03817540034651756,G,,,,85.0,350.0,0.03,6.0,300.0,0.5,0.25,1500.0,5.0,64.0
G86,762.3052721015488,797.0948577294079,822.9773019691855,835.7246592728073,0.4959239363670349,0.04336269572377205,727.5156864736898,672.9774361052155,738.1849179665334,0.49480003118515015,0.041310664266347885,G,,,,86.0,350.0,0.02,7.0,3000.0,1.0,0.7,30.0,5.0,64.0
G87,652.0978239562603,639.0085389364475,669.1977646330449,681.8019602261804,0.49644935131073,0.03304600715637207,665.187108976073,599.5206713466206,665.3778438407531,0.49924221634864807,0.03174076974391937,G,,,,87.0,350.0,0.008,3.0,6000.0,0.9,0.7,30.0,0.0,64.0
G88,751.018030849554,778.8059492161215,812.2938593249307,825.0173563434715,0.4968492388725281,0.044648174196481705,723.2301124829866,673.418510479773,738.834608599348,0.49371278285980225,0.04156126827001572,G,,,,88.0,1000.0,0.012,4.0,800.0,0.9,0.7,5.0,0.0,64.0
G89,240.25285634271532,174.0908841661004,371.4452671283452,383.983846937519,0.508996307849884,0.014459602534770966,306.41482851933023,309.7169258640453,376.259551778102,0.5131396055221558,0.014159864746034145,G,,,,89.0,200.0,0.003,4.0,1500.0,1.0,0.55,1500.0,0.0,64.0
G90,717.2836249299374,760.3738789923486,799.8626507986106,812.6875540287348,0.49752160906791687,0.04694821685552597,674.1933708675263,625.6334664137553,690.7873040943979,0.4935135841369629,0.04502326622605324,G,,,,90.0,1400.0,0.02,6.0,3000.0,0.7,0.7,5.0,5.0,256.0
G91,701.0223931254943,711.2574821565909,736.6507905522512,749.2490210741277,0.4958609640598297,0.034574855118989944,690.7873040943979,625.371205974834,691.1866552173129,0.4989602565765381,0.03306175023317337,G,,,,91.0,350.0,0.008,6.0,1500.0,0.9,0.4,400.0,0.0,256.0
G92,697.5419616152833,727.9358214270281,735.8634011446319,748.4735618090488,0.49327781796455383,0.03662183880805969,667.1481018035386,604.7360778026256,670.3369503223478,0.49713408946990967,0.03516478091478348,G,,,,92.0,200.0,0.03,5.0,3000.0,0.5,0.25,1500.0,30.0,128.0
G93,742.9257022327329,760.7854689099636,779.2413994188174,791.8813854395745,0.49492672085762024,0.038804564625024796,725.0659355555023,665.0321368985246,730.5674443085164,0.49626195430755615,0.037259094417095184,G,,,,93.0,1400.0,0.003,5.0,3000.0,0.9,0.7,5.0,30.0,128.0
G94,702.5345239053238,745.1152266841343,787.6521499092681,800.4472277830521,0.4978511929512024,0.04546065628528595,659.9538211265133,608.8607192512585,674.3543034095967,0.4939420223236084,0.04297700896859169,G,,,,94.0,700.0,0.03,5.0,300.0,0.9,0.25,100.0,1.0,256.0
G95,716.9034829110299,732.9405162224134,758.9243666737855,771.5285622669321,0.4959363043308258,0.03567437827587128,700.8664495996464,635.9391095708156,701.814163458514,0.49843093752861023,0.034011565148830414,G,,,,95.0,500.0,0.005,7.0,300.0,0.7,0.4,5.0,0.0,64.0
G96,723.0868498507737,731.347842193375,755.4526951947471,768.1463668569367,0.4956924021244049,0.039203934371471405,714.8258575081722,654.9351099997102,720.5479034484651,0.49618130922317505,0.037535835057497025,G,,,,96.0,1400.0,0.005,3.0,1500.0,1.0,0.4,30.0,5.0,64.0
G97,733.2280682517066,768.6116424159839,797.7211902127412,810.444687231282,0.496325820684433,0.04179304838180542,697.8444940874296,642.424094969829,707.8580744829477,0.4949546754360199,0.03992395102977753,G,,,,97.0,500.0,0.03,4.0,300.0,1.0,0.25,1500.0,30.0,128.0
G98,747.7927499299542,792.5077179229079,819.4877352763364,832.2470227224987,0.49606063961982727,0.04462620988488197,703.0777819370004,650.1726988473177,715.2967342053396,0.49444305896759033,0.043031297624111176,G,,,,98.0,1400.0,0.012,7.0,3000.0,0.7,0.4,400.0,5.0,64.0
G99,736.3613032047689,763.5115064802856,790.5988951165676,803.3641476340003,0.4960753321647644,0.04287638142704964,709.2110999292522,655.1914099741207,720.5181011258666,0.49464669823646545,0.04113706573843956,G,,,,99.0,1400.0,0.012,4.0,3000.0,0.7,0.25,400.0,5.0,128.0
G100,738.515184886046,776.8076503407273,787.3479312745069,800.0654632217775,0.49372807145118713,0.04151082783937454,700.2227194313648,642.6327112280638,707.9713233088536,0.4955645799636841,0.039888959378004074,G,,,,100.0,700.0,0.02,4.0,6000.0,1.0,0.25,1500.0,1.0,64.0
G101,641.1484568727644,623.5888297039361,664.9923893878084,677.5488644108041,0.4977239966392517,0.0314633846282959,658.7080840415927,592.9522394443221,658.8928584417508,0.5006340146064758,0.0306414645165205,G,,,,101.0,700.0,0.003,4.0,300.0,1.0,0.7,400.0,1.0,256.0
G102,736.8475430390708,741.554079136042,770.3951987256596,783.1664163143626,0.4962939918041229,0.04188673570752144,732.1410069420997,678.6160355422122,743.9963708746556,0.4945199489593506,0.03991014510393143,G,,,,102.0,500.0,0.02,3.0,1500.0,0.5,0.7,5.0,1.0,64.0
G103,589.6543088896367,572.8916889816804,626.6071557664787,639.1934561458146,0.4989788830280304,0.02851693704724312,606.4169287975928,542.0856352208681,608.2229495474988,0.5020658373832703,0.027610020712018013,G,,,,103.0,350.0,0.005,4.0,6000.0,0.7,0.55,5.0,30.0,256.0
G104,740.2451960601352,780.631261024689,799.3496546694013,812.0194660465207,0.4949636161327362,0.03945036232471466,699.8591310955815,639.8730161547794,705.4440863518918,0.4962194859981537,0.03775901719927788,G,,,,104.0,1400.0,0.005,6.0,300.0,0.9,0.25,400.0,30.0,256.0
G105,732.2330418540857,777.2908211135854,808.8281529171626,821.635160933476,0.4966219365596771,0.04480062797665596,687.175262594586,633.4416749364635,698.8696939850714,0.49454763531684875,0.042117729783058167,G,,,,105.0,1400.0,0.012,5.0,800.0,0.7,0.25,30.0,5.0,64.0
G106,716.5452545273399,746.8212370673077,785.7850826018198,798.5384049767008,0.4974636137485504,0.04529111087322235,686.269271987372,637.3398187332846,702.7678377818925,0.49352607131004333,0.042389679700136185,G,,,,106.0,1000.0,0.03,3.0,300.0,1.0,0.55,30.0,5.0,64.0
G107,696.6982021327173,696.147956630122,714.6814330654782,727.2975588011543,0.49493399262428284,0.03594157472252846,697.2484476353125,633.8529469884224,699.5372660114297,0.49756932258605957,0.03443920984864235,G,,,,107.0,500.0,0.008,3.0,300.0,0.7,0.7,100.0,30.0,64.0
G108,654.1467226197417,650.556916914835,675.4551243950857,688.0772152020431,0.4957933723926544,0.03342634439468384,657.7365283246484,591.9449209402461,657.8318957569884,0.4994999170303345,0.03226650878787041,G,,,,108.0,700.0,0.005,3.0,3000.0,0.7,0.25,30.0,5.0,256.0
G109,744.5872486829264,764.8178570883734,785.7791175305496,798.4191035513066,0.4952775239944458,0.03885319456458092,724.3566402774793,663.6969928457859,729.2859444364641,0.496457040309906,0.037206921726465225,G,,,,109.0,1400.0,0.003,5.0,300.0,1.0,0.55,100.0,30.0,256.0
G110,728.0941727962786,748.1633781030173,779.0505171381801,791.8038395130723,0.4965379536151886,0.04234061390161514,708.02496748954,652.461517223435,717.9372199882073,0.49497994780540466,0.04007134959101677,G,,,,110.0,700.0,0.02,3.0,1500.0,1.0,0.4,100.0,5.0,64.0
G111,741.895168722534,770.12677051852,779.6410591938918,792.257184929579,0.4935488700866699,0.039733096957206726,713.6635669265479,656.7888144657808,722.0976242239718,0.49537041783332825,0.03760556876659393,G,,,,111.0,1400.0,0.005,5.0,6000.0,0.7,0.55,1500.0,30.0,64.0
G112,629.3572806320869,620.0217170845846,668.2672135149503,680.8236885379348,0.4984387159347534,0.03043896146118641,638.6928441795892,573.2588646664593,639.2531278445746,0.5011471509933472,0.029427384957671165,G,,,,112.0,700.0,0.003,5.0,300.0,0.9,0.7,1500.0,1.0,256.0
G113,729.2484190278781,758.2025930501391,799.6479082328922,812.3415798950817,0.4977392852306366,0.04574478045105934,700.2942450056171,652.652252088115,718.1935199626178,0.49326038360595703,0.04226645082235336,G,,,,113.0,500.0,0.03,4.0,800.0,1.0,0.7,5.0,1.0,64.0
G114,678.9419802934682,688.4351194782367,712.6652389762734,725.2634694981497,0.4957084655761719,0.03325648605823517,669.4488411086996,603.5737872210012,669.4905643603422,0.49970564246177673,0.031732525676488876,G,,,,114.0,500.0,0.005,6.0,3000.0,0.7,0.4,30.0,30.0,256.0
G115,464.1212860062194,419.3626846388687,529.1438562887607,541.6884011692158,0.503584623336792,0.02235492877662182,508.87988737357006,463.741289554942,530.0991410688516,0.5072193145751953,0.02191750518977642,G,,,,115.0,350.0,0.003,4.0,800.0,0.9,0.7,400.0,5.0,64.0
G116,742.2480861932702,757.928199771718,787.6044293391171,800.3935421416197,0.49639347195625305,0.04224725812673569,726.5679726148222,672.5780849823004,737.9941831018643,0.49461767077445984,0.04012493044137955,G,,,,116.0,1000.0,0.012,3.0,1500.0,0.9,0.55,5.0,0.0,256.0
G117,721.1854771594583,769.9776437367744,801.4911152552706,814.3100534141246,0.4966115355491638,0.04608520120382309,672.3933105821422,619.0531135824128,684.2307931211323,0.4945147633552551,0.04422752186655998,G,,,,117.0,700.0,0.03,6.0,1500.0,0.5,0.4,100.0,1.0,128.0
G118,721.3077439944537,747.0240494904746,772.739471734707,785.3555974703829,0.4958988428115845,0.036712050437927246,695.5914384984329,631.7429425479304,697.3616964612183,0.497855007648468,0.03553643822669983,G,,,,118.0,350.0,0.012,7.0,300.0,0.7,0.7,1500.0,1.0,64.0
G119,744.7949830829303,770.2520370151844,789.9964229183154,802.7199199368562,0.49511194229125977,0.04041954129934311,719.3379291506762,660.1326350621495,725.6441006140535,0.49598950147628784,0.03843452408909798,G,,,,119.0,700.0,0.008,5.0,1500.0,0.7,0.4,100.0,5.0,64.0
G120,720.1320764170682,735.5353222247895,754.4982837915715,767.0965143134479,0.4949973523616791,0.037386272102594376,704.7288306093469,644.3195226875531,709.836948703968,0.49638715386390686,0.03597480431199074,G,,,,120.0,1000.0,0.005,4.0,300.0,0.7,0.7,1500.0,5.0,128.0
G121,697.8498222190156,745.6938385973056,778.4122545123063,791.2013673148199,0.4967597723007202,0.04518004506826401,650.0058058407254,596.6417669829083,661.9982604572639,0.49447640776634216,0.04293743520975113,G,,,,121.0,700.0,0.03,6.0,300.0,0.5,0.25,100.0,5.0,64.0
G122,739.966937385439,762.354282653932,778.7105080757972,791.3743543816465,0.4946257770061493,0.03956007584929466,717.5795921169458,657.9093817957627,723.373163631491,0.4961554706096649,0.037827495485544205,G,,,,122.0,700.0,0.008,5.0,3000.0,0.7,0.4,400.0,1.0,64.0
G123,745.4403058852977,797.5303079321039,823.8064468756967,836.5597692505888,0.4959767758846283,0.04278572276234627,693.3503038384914,636.8868234296832,702.4102099106311,0.4952014684677124,0.040478333830833435,G,,,,123.0,350.0,0.02,7.0,800.0,1.0,0.4,5.0,30.0,128.0
G124,751.8137801694802,771.1587278481979,795.8064023351196,808.5358644249419,0.4957673251628876,0.040941525250673294,732.4688324907625,676.1841660175904,741.731394356615,0.49515435099601746,0.03893555328249931,G,,,,124.0,500.0,0.012,4.0,300.0,0.7,0.55,30.0,0.0,256.0
G125,756.4496747612116,783.10676560166,808.5835849950929,821.2832217285526,0.4958731234073639,0.04046175256371498,729.792583920763,670.8257084130809,736.3431344295068,0.4959152638912201,0.038775816559791565,G,,,,125.0,200.0,0.02,6.0,1500.0,0.9,0.7,5.0,5.0,64.0
G126,560.4263777470142,547.6832977953871,605.3715020458927,617.9399072114178,0.49935534596443176,0.027032533660531044,573.1694576986413,511.794554524414,578.009354889808,0.5034120082855225,0.026125824078917503,G,,,,126.0,350.0,0.005,7.0,6000.0,0.5,0.4,400.0,30.0,256.0
G127,761.7270629447503,789.2627191521284,798.174535629248,810.8145216500162,0.4934481084346771,0.04061851277947426,734.1914067373723,676.1841660175904,741.5168176338582,0.4956905245780945,0.03871078044176102,G,,,,127.0,1000.0,0.005,7.0,3000.0,0.5,0.55,5.0,1.0,64.0
G128,716.8036265362388,729.0333945406791,760.7675736961639,773.3658042180402,0.49664202332496643,0.03548723831772804,704.5738585317985,639.1816022703223,705.0089724418451,0.4989306628704071,0.03370467573404312,G,,,,128.0,200.0,0.012,7.0,300.0,0.7,0.7,100.0,0.0,64.0
G129,526.7310010978965,491.402850364564,572.951339694372,585.5257099311783,0.5014402866363525,0.026271305978298187,562.059151831229,505.9354179001274,572.1680996590873,0.5049652457237244,0.025564352050423622,G,,,,129.0,200.0,0.008,3.0,1500.0,1.0,0.4,30.0,0.0,128.0
G130,740.3966140310691,771.4271560553376,793.9453000989416,806.5793210484285,0.49548640847206116,0.03867097944021225,709.3660720068007,648.5812548201686,714.0927203720726,0.4965243339538574,0.03735032677650452,G,,,,130.0,1000.0,0.005,6.0,800.0,1.0,0.55,1500.0,0.0,256.0
G131,726.4150239949586,752.5715657714205,786.0714060227702,798.8724489678134,0.49684610962867737,0.044436465948820114,700.2584822184965,651.3767126805848,716.6795619742428,0.4935530722141266,0.04216639697551727,G,,,,131.0,1400.0,0.02,3.0,3000.0,0.7,0.4,30.0,5.0,128.0
G132,753.5002820099778,801.2286521194012,819.2670276393587,831.9964897291699,0.4948680102825165,0.04404781386256218,705.7719119005545,654.756296064074,719.9578174608812,0.49401146173477173,0.042488522827625275,G,,,,132.0,1400.0,0.012,6.0,3000.0,0.5,0.4,100.0,5.0,256.0
G133,681.8048347803528,700.8961533609081,715.6239143261023,728.1863544203682,0.49437302350997925,0.034754425287246704,662.7135161997977,599.7054457467788,665.4076461633629,0.4973617196083069,0.03289470821619034,G,,,,133.0,700.0,0.005,6.0,6000.0,0.5,0.55,1500.0,0.0,256.0
G134,637.3269268041159,636.7656721389947,672.5859251142996,685.1781905649057,0.49711185693740845,0.030974866822361946,637.8881814692372,572.6687786788642,638.7107255731551,0.5013805627822876,0.029889192432165146,G,,,,134.0,500.0,0.005,5.0,1500.0,0.9,0.25,400.0,5.0,256.0
G135,737.7129555058204,752.2375217803079,772.4770085988264,785.1766453322972,0.49517425894737244,0.04020566865801811,723.1883892313328,667.4759273522013,732.9456696524517,0.49502480030059814,0.038501232862472534,G,,,,135.0,700.0,0.012,3.0,800.0,0.5,0.55,400.0,0.0,64.0
G136,586.5374008865942,581.6842040334058,633.4371623704204,646.0174976784972,0.4987886846065521,0.027726244181394577,591.3905977397826,530.659424733837,596.8861460282749,0.5036444664001465,0.026512669399380684,G,,,,136.0,350.0,0.005,6.0,3000.0,1.0,0.25,5.0,1.0,64.0
G137,761.5390253314258,796.2478176090971,825.2142036953791,837.9317356426496,0.4963090121746063,0.0438147708773613,726.8302330537546,675.7192497849451,740.9982572205154,0.4940122663974762,0.042305707931518555,G,,,,137.0,1000.0,0.012,6.0,3000.0,0.9,0.7,30.0,30.0,256.0
G138,709.7542400413381,741.5242537797018,780.3687978888086,793.1996661902141,0.49744975566864014,0.04508144408464432,677.9842263029745,625.8122803493915,691.1866552173129,0.4942111372947693,0.04281000792980194,G,,,,138.0,1000.0,0.03,3.0,800.0,0.5,0.25,30.0,1.0,128.0
G139,712.3763857250053,732.6184023738414,751.3069706622133,764.0006423244027,0.49496081471443176,0.03880558907985687,692.1343690761694,632.0111634513847,697.5941545775411,0.49626424908638,0.0369887538254261,G,,,,139.0,700.0,0.012,3.0,800.0,1.0,0.25,1500.0,1.0,128.0
G140,246.63624732171317,188.83654034511642,377.6966618191158,390.23524162830057,0.5085319876670837,0.014070237055420876,304.4359542983099,308.03607486907805,374.54889846053607,0.5131707787513733,0.013561517000198364,G,,,,140.0,200.0,0.003,6.0,1500.0,0.5,0.4,400.0,0.0,256.0
G141,719.215588067601,785.5285845372096,814.4353199108001,827.2423279271135,0.49630624055862427,0.04467226192355156,652.9025915979925,601.3147711674937,666.5043716352459,0.4941280484199524,0.0429668202996254,G,,,,141.0,500.0,0.03,7.0,300.0,0.5,0.55,100.0,30.0,256.0
G142,505.5025757001341,475.36873879127086,572.9334444805722,585.4899195035567,0.5026928782463074,0.023098984733223915,535.6364126089974,486.116873367326,552.4628039521806,0.5064264535903931,0.022199023514986038,G,,,,142.0,350.0,0.003,7.0,3000.0,1.0,0.7,400.0,5.0,256.0
G143,740.5264790653343,806.7403779727144,825.4170161185459,838.1524432796273,0.49495837092399597,0.045226287096738815,674.3125801579541,623.3744503602478,688.4209996794955,0.4940291941165924,0.04375576972961426,G,,,,143.0,1000.0,0.03,6.0,6000.0,0.9,0.4,1500.0,0.0,128.0
G144,748.9248354325962,799.182632673845,809.2397428347775,821.9393795682373,0.493645042181015,0.04317554831504822,698.6670381913474,643.723476235436,708.8773139160676,0.49491631984710693,0.041566867381334305,G,,,,144.0,700.0,0.02,7.0,6000.0,0.9,0.25,100.0,0.0,256.0
G145,732.1916045549881,785.7492921741982,799.826860370989,812.6159731735028,0.4942876398563385,0.043107978999614716,678.633916935778,626.4202477305525,691.7528993468203,0.494236558675766,0.04110394045710564,G,,,,145.0,700.0,0.03,4.0,6000.0,0.7,0.25,30.0,30.0,128.0
G146,759.4273766157955,799.7075589455949,825.625793612994,838.3850810591564,0.4959293007850647,0.044853802770376205,719.1471942859962,666.3195972350989,731.6105255997129,0.4943833649158478,0.042965784668922424,G,,,,146.0,1000.0,0.012,7.0,1500.0,0.5,0.55,30.0,5.0,128.0
G147,728.0404295704923,747.906880038407,761.781635812031,774.4753074742206,0.49425560235977173,0.039275769144296646,708.1739791025776,648.23554787794,713.7231715717562,0.4962449371814728,0.037573374807834625,G,,,,147.0,200.0,0.03,4.0,3000.0,0.7,0.4,5.0,30.0,64.0
G148,740.4179146345668,803.4357284892324,817.2985541203159,830.0220511388568,0.49425530433654785,0.04497737064957619,677.4001007799013,624.6380688387343,689.577329796598,0.4944506287574768,0.043104302138090134,G,,,,148.0,700.0,0.03,7.0,6000.0,0.7,0.4,400.0,0.0,64.0
G149,728.1191271841735,751.0445075263439,767.1144095272587,779.688779764054,0.4945749044418335,0.037427034229040146,705.1937468420033,642.7757623765684,708.2991488575163,0.49717432260513306,0.035723958164453506,G,,,,149.0,500.0,0.008,7.0,3000.0,0.7,0.7,1500.0,1.0,128.0
G150,721.8290227236579,761.781635812031,767.651265941538,780.309147176117,0.4929124712944031,0.03864225372672081,681.8764096352847,621.1631180229049,686.6805440393309,0.4964931607246399,0.03676740825176239,G,,,,150.0,500.0,0.012,6.0,6000.0,0.7,0.25,400.0,1.0,128.0
G151,713.0083288940991,740.6831787306501,768.5877821309028,781.1800475815089,0.4961725175380707,0.0363054983317852,685.3334790575483,621.7174412233684,687.3719579237769,0.49770474433898926,0.03471217676997185,G,,,,151.0,200.0,0.02,7.0,300.0,0.9,0.55,1500.0,30.0,256.0
G152,737.936142241874,774.5349581869232,800.9303985559102,813.6479305031808,0.495990514755249,0.042881663888692856,701.3373262968248,645.1420667914709,710.5820067691116,0.49515482783317566,0.04010648652911186,G,,,,152.0,1400.0,0.008,4.0,300.0,1.0,0.25,100.0,5.0,64.0
G153,734.7678842189842,789.2686842233987,820.0186266193565,832.82563463567,0.4965263605117798,0.04529702290892601,680.2670842145698,630.7058217212558,696.0205919439577,0.49368223547935486,0.043189886957407,G,,,,153.0,1000.0,0.02,6.0,1500.0,0.9,0.4,400.0,30.0,64.0
G154,578.7081359892477,658.3592301357633,706.3184031451785,719.3222585133996,0.4984159469604492,0.050857629626989365,499.057041842732,444.21480778367163,509.5832221870711,0.4947813153266907,0.048746753484010696,G,,,,154.0,1400.0,0.03,6.0,800.0,1.0,0.7,30.0,5.0,256.0
G155,700.0112138318859,693.5412204852054,714.1147512948364,726.7487722443344,0.49521687626838684,0.03626595810055733,706.4812071785665,642.8949716669963,708.5673697609707,0.4976743459701538,0.03489809110760689,G,,,,155.0,200.0,0.02,3.0,1500.0,1.0,0.7,30.0,1.0,256.0
G156,731.5503827257763,738.2196042962086,766.5596578991574,779.2473644900876,0.49622735381126404,0.040154244750738144,724.8811611553441,666.6176204611518,732.1827301937423,0.4956946074962616,0.038443125784397125,G,,,,156.0,1000.0,0.008,3.0,1500.0,1.0,0.7,5.0,5.0,256.0
G157,722.2854029851344,747.3938839092087,774.4096916902588,787.1749442076803,0.49606338143348694,0.04190121591091156,697.1769220610602,640.9876230202283,706.4514048559678,0.4951466917991638,0.039714694023132324,G,,,,157.0,700.0,0.02,3.0,1500.0,1.0,0.25,400.0,5.0,256.0
G158,742.5396754621061,779.8558017596102,814.620237120156,827.4272451364806,0.49699318408966064,0.0452735461294651,705.223549164602,654.9649123223089,720.3929313709168,0.49379438161849976,0.042959921061992645,G,,,,158.0,1400.0,0.012,5.0,1500.0,0.9,0.4,30.0,1.0,256.0
G159,609.6297847047294,608.8372084536609,648.6719543935649,661.2582547729007,0.4975528419017792,0.029915818944573402,610.4223609557979,545.5605860366975,611.6323352535868,0.5016902089118958,0.028839321807026863,G,,,,159.0,350.0,0.008,5.0,300.0,0.5,0.25,1500.0,1.0,64.0
G160,206.40972869460649,136.51093516618974,342.8009948906352,355.35150484234947,0.5094773769378662,0.01369235198944807,276.30852222302326,286.21481425716854,352.74551924218133,0.5137510895729065,0.013478221371769905,G,,,,160.0,200.0,0.003,3.0,6000.0,0.5,0.55,1500.0,5.0,64.0
G161,399.1478143658023,361.63868996074154,486.23709864489274,498.73988802645596,0.5046130418777466,0.019307496026158333,436.656938770863,406.14532088711906,472.5806584398029,0.509411633014679,0.018531225621700287,G,,,,161.0,200.0,0.005,5.0,1500.0,0.5,0.25,30.0,0.0,256.0
G162,699.3321631243499,694.6865141690073,716.7274525110234,729.3555083892511,0.4954163134098053,0.03621552139520645,703.9778120796925,640.719402116774,706.3977606752703,0.49748802185058594,0.03498263657093048,G,,,,162.0,350.0,0.012,3.0,300.0,1.0,0.7,30.0,5.0,256.0
G163,747.8792780139854,792.7701810587884,816.3023872182484,829.0557095931406,0.4956233501434326,0.041572101414203644,702.9883749691824,644.4923761586674,709.926355671786,0.4958065450191498,0.03930322825908661,G,,,,163.0,200.0,0.03,7.0,1500.0,0.9,0.4,400.0,0.0,256.0
G164,755.1695404560188,778.9252506415156,804.5810221730454,817.2687287639646,0.495894193649292,0.04169008880853653,731.413830270522,674.0622406480657,739.5141015547501,0.49546507000923157,0.039695773273706436,G,,,,164.0,1400.0,0.005,5.0,3000.0,1.0,0.55,30.0,30.0,128.0
G165,671.6066076370874,670.3549884593873,711.9911859227778,724.5655561595731,0.4977514445781708,0.03211042284965515,672.8582268147876,607.2394729015107,673.1920128279722,0.5008721351623535,0.030924225226044655,G,,,,165.0,700.0,0.003,6.0,300.0,1.0,0.55,400.0,1.0,64.0
G166,681.5383450119949,682.225480286347,719.9366608541924,732.5348913760688,0.4973246157169342,0.03238114342093468,680.8512097376429,614.9523139918678,680.8988934538185,0.5002995133399963,0.031145406886935234,G,,,,166.0,700.0,0.003,7.0,800.0,0.5,0.7,5.0,30.0,64.0
G167,735.3166941081013,744.1190597820669,759.2703408074275,771.9341871132767,0.4944453537464142,0.0389556959271431,726.5143284341358,669.1746597407233,734.7278485442698,0.49543190002441406,0.03732369840145111,G,,,,167.0,500.0,0.012,3.0,800.0,0.5,0.55,100.0,1.0,256.0
G168,693.5593018811859,709.7304239115143,727.2796635873547,739.9077194655712,0.49479925632476807,0.03600960597395897,677.3881798508575,613.1343723129179,678.8723355166226,0.49802035093307495,0.034565914422273636,G,,,,168.0,500.0,0.008,4.0,300.0,1.0,0.25,100.0,0.0,64.0
G169,713.2588095780989,756.4846525244251,791.6010270898943,804.4617207476401,0.4970332682132721,0.04582692310214043,670.0329666317728,615.3695465083487,680.5651074406338,0.49482688307762146,0.043598730117082596,G,,,,169.0,700.0,0.03,7.0,1500.0,0.5,0.25,30.0,5.0,256.0
G170,659.058394519313,712.9455973259535,757.8506538452157,770.8008235720043,0.498098224401474,0.04766054451465607,605.1711917126723,552.7548667137228,617.9087043943543,0.49429962038993835,0.04629119113087654,G,,,,170.0,1400.0,0.03,5.0,1500.0,0.5,0.4,100.0,0.0,64.0
G171,722.7643905316327,783.8345042965766,818.4557779466584,831.2687510342531,0.4969817101955414,0.04621902108192444,661.6942767666889,611.924398015129,677.2570496313967,0.4937114119529724,0.043629731982946396,G,,,,171.0,1400.0,0.012,6.0,300.0,0.9,0.7,5.0,30.0,64.0
G172,702.9023803937662,756.1685037471233,796.6474773841715,809.3829045452527,0.4976370930671692,0.0469660721719265,649.6362570404091,596.4391111891954,661.9684581346542,0.4943818151950836,0.04422657936811447,G,,,,172.0,700.0,0.03,5.0,300.0,0.9,0.4,30.0,5.0,256.0
G173,703.6113699556868,716.787103223726,732.5706818036904,745.2643534658798,0.494540274143219,0.037879541516304016,690.4356366876474,628.9653660810801,694.6437246395765,0.4967210292816162,0.03624064847826958,G,,,,173.0,500.0,0.012,3.0,3000.0,0.9,0.25,30.0,0.0,256.0
G174,618.5241284523746,596.8474152013071,646.7154110170625,659.3076764676687,0.4986027777194977,0.029827576130628586,640.2008417034422,575.4880783973681,641.5896299368673,0.5017920136451721,0.028955506160855293,G,,,,174.0,350.0,0.005,4.0,1500.0,0.7,0.7,5.0,0.0,64.0
G175,734.3076806546501,747.44756955063,763.9529217542517,776.5988728462792,0.4946437180042267,0.039277348667383194,721.1677917586701,665.2347926922486,730.7760605667513,0.4950658679008484,0.03786208853125572,G,,,,175.0,350.0,0.02,3.0,800.0,0.5,0.55,400.0,1.0,256.0
G176,765.6673594232666,813.5286290777866,828.4770976799693,841.1349789145484,0.4944133758544922,0.0441257618367672,717.8060897687466,666.2599925898793,731.4019093414781,0.49413779377937317,0.04190857708454132,G,,,,176.0,700.0,0.02,7.0,6000.0,0.9,0.7,100.0,30.0,128.0
G177,737.1881592254548,774.6781198973985,807.4502214538315,820.2095088999939,0.4967643618583679,0.0438627265393734,699.6981985535111,649.4157198531303,714.7662528629639,0.4938202202320099,0.04175595939159393,G,,,,177.0,700.0,0.02,5.0,3000.0,0.9,0.4,30.0,1.0,256.0
G178,747.2819281861275,797.1127529432187,807.1400377478,819.8873950514218,0.493644118309021,0.042127933353185654,697.4511034290365,642.1737554599405,707.5183280052522,0.4949437379837036,0.040278978645801544,G,,,,178.0,1000.0,0.012,5.0,6000.0,0.9,0.25,30.0,1.0,128.0
G179,711.6220115130689,731.646095756866,749.7142966331749,762.3483175826617,0.4948722720146179,0.03662363067269325,691.5979272692718,627.9878498996138,693.7258131033186,0.4976513385772705,0.03508607670664787,G,,,,179.0,500.0,0.008,5.0,300.0,0.9,0.25,100.0,5.0,256.0
G180,730.1646326431044,746.0875333011097,772.9303540153331,785.6657811764145,0.49604225158691406,0.04223804920911789,714.2417319850991,659.9538211265133,725.3341564589455,0.4946982264518738,0.03982587158679962,G,,,,180.0,700.0,0.02,3.0,3000.0,0.9,0.55,400.0,30.0,64.0
G181,730.5380583565668,763.845550471387,781.9256814902365,794.5775976535452,0.4948744475841522,0.038250360637903214,697.2305662417466,635.7304933125807,701.3730890839454,0.49674612283706665,0.03666714206337929,G,,,,181.0,1000.0,0.005,6.0,300.0,0.9,0.25,5.0,30.0,64.0
G182,705.434472529709,761.024071760763,793.1937011189439,806.084220133041,0.4966922700405121,0.04647337645292282,649.844873298655,598.769652816955,663.8936881749879,0.4940289855003357,0.04487733170390129,G,,,,182.0,1400.0,0.02,7.0,1500.0,0.5,0.4,5.0,30.0,128.0
G183,333.42138869300595,283.46643096965886,448.81820656926806,461.30906580829077,0.5071834325790405,0.016520550474524498,383.3763464163531,368.58843393938747,435.0654947437138,0.5113020539283752,0.01586582139134407,G,,,,183.0,200.0,0.003,7.0,1500.0,0.7,0.7,30.0,5.0,64.0
G184,493.04669216249096,463.7845703852728,553.0101064393444,565.5725465335993,0.5020532608032227,0.023688139393925667,522.3088139397091,473.24823046617223,539.6001215155599,0.5065076351165771,0.02292490191757679,G,,,,184.0,500.0,0.003,4.0,800.0,0.7,0.25,400.0,1.0,128.0
G185,724.4505850209305,789.9546674194236,822.4643058399872,835.2653487850304,0.496735155582428,0.04480596259236336,658.9465026224373,605.7195544486138,671.2131386069519,0.4944104552268982,0.04219825193285942,G,,,,185.0,700.0,0.02,6.0,800.0,1.0,0.25,30.0,5.0,64.0
G186,726.8830632690738,752.9414001901436,768.1642620707474,780.8281083765855,0.4944586753845215,0.03766412287950516,700.8247263480039,638.3829000244923,704.0910609055873,0.4971090257167816,0.03621258959174156,G,,,,186.0,1400.0,0.003,6.0,1500.0,0.9,0.25,30.0,5.0,64.0
G187,581.8843320372191,571.5674431597816,619.7592539487151,632.3574844705914,0.49843111634254456,0.028734490275382996,592.2012209146566,529.1693086035498,595.3006624656587,0.5027326345443726,0.027638759464025497,G,,,,187.0,500.0,0.005,4.0,800.0,0.5,0.25,1500.0,1.0,256.0
G188,768.721072488765,810.8741723627078,827.069340860287,839.7868728075575,0.4946042001247406,0.043934166431427,726.5679726148222,674.0741615771095,739.1743550770435,0.4943568706512451,0.042772311717271805,G,,,,188.0,700.0,0.02,7.0,3000.0,0.5,0.7,400.0,0.0,128.0
G189,763.9778154935384,791.0164501054528,814.1609266323791,826.8724935083904,0.49556854367256165,0.041706014424562454,736.9391808816239,681.5962678027864,746.9468008126202,0.4949670433998108,0.04045390710234642,G,,,,189.0,350.0,0.02,6.0,3000.0,0.9,0.7,100.0,30.0,256.0
G190,703.0247811586121,741.279685857632,746.34403136572,758.960157101407,0.492758572101593,0.03802632912993431,664.7698764595922,604.2234778538048,669.7707061928404,0.4964224696159363,0.03608151897788048,G,,,,190.0,350.0,0.02,5.0,6000.0,0.5,0.25,1500.0,0.0,256.0
G191,762.4626781775002,787.9623336152997,808.24357593271,820.9372475949106,0.4951817989349365,0.04268840700387955,736.9630227397006,683.7777978175308,749.0329633950244,0.4944765269756317,0.04096885025501251,G,,,,191.0,350.0,0.02,7.0,3000.0,0.7,0.55,30.0,1.0,128.0
G192,751.6940789593584,793.038609265928,808.5776199238226,821.3249772274445,0.49450525641441345,0.0435926653444767,710.3495486527888,662.9340533870876,728.1534561774495,0.4932919144630432,0.04208943247795105,G,,,,192.0,1400.0,0.02,3.0,6000.0,0.9,0.55,400.0,0.0,256.0
G193,520.0412408007837,485.9149847963318,568.9308816585137,581.5171820378496,0.5015573501586914,0.02603592909872532,554.1674968052357,499.15836973958295,565.4208538211525,0.5052446722984314,0.025251654908061028,G,,,,193.0,200.0,0.008,3.0,3000.0,1.0,0.4,100.0,30.0,64.0
G194,674.3863223036051,691.3281790441039,704.5527420493025,717.1509725711788,0.49414587020874023,0.03552871197462082,657.4444655631062,595.5986856917117,661.2889651792519,0.49686887860298157,0.03395822271704674,G,,,,194.0,1000.0,0.005,3.0,6000.0,0.5,0.4,1500.0,30.0,256.0
G195,598.002143484988,604.2918241460527,639.2769671435872,651.8573024516527,0.4970114529132843,0.029861196875572205,591.7124628239234,527.2679204213038,593.3754324253249,0.5019896626472473,0.028335342183709145,G,,,,195.0,200.0,0.012,6.0,6000.0,0.5,0.25,5.0,1.0,64.0
G196,744.3183509215578,770.7829283582046,779.5933386237297,792.2333246444979,0.4934345781803131,0.03904760256409645,717.8537734849111,657.9987887635807,723.4506496702653,0.4962373375892639,0.03724081441760063,G,,,,196.0,200.0,0.02,7.0,6000.0,1.0,0.55,5.0,0.0,256.0
G197,686.5219524508748,691.650292892676,721.260906676091,733.8531721266972,0.49638307094573975,0.033335816115140915,681.3936120090735,615.5066371923313,681.4055329381174,0.4998299181461334,0.03195855766534805,G,,,,197.0,500.0,0.005,6.0,1500.0,0.9,0.4,100.0,30.0,256.0
G198,759.6265493733767,782.9695689624549,807.8737415139869,820.603203603798,0.495800644159317,0.04263720661401749,736.2835297842985,683.1757909008918,748.6455332011421,0.49440544843673706,0.040156833827495575,G,,,,198.0,1000.0,0.008,4.0,300.0,0.7,0.55,30.0,0.0,64.0
G199,435.6312777433091,391.1121071049628,511.27846783562967,523.7991524310037,0.5043128132820129,0.021095335483551025,480.15044838165545,441.0736429810269,507.47321774657905,0.5081988573074341,0.020665621384978294,G,,,,199.0,350.0,0.003,4.0,1500.0,0.9,0.4,30.0,30.0,256.0
