raw,trend,oracle,meanp,stage,name,val,nfeat,i,avg_raw,raw_2024,trend_2024,oracle_2024,meanp_2024,raw_2023,trend_2023,oracle_2023,meanp_2023,n_estimators,learning_rate,max_depth,min_child_weight,subsample,colsample_bytree,reg_lambda
488.99296157155493,553.755740348072,566.896792355498,0.4999951422214508,featset,base48,2024.0,46.0,,,,,,,,,,,,,,,,,
266.2532185758515,203.91272014920193,269.108281081476,0.4972397983074188,featset,base48,2023.0,46.0,,,,,,,,,,,,,,,,,
615.7566911266565,652.8534693537091,665.9110103633625,0.49726325273513794,featset,deconv,2024.0,74.0,,,,,,,,,,,,,,,,,
441.270338310229,390.3679712996544,455.77214849017446,0.49389156699180603,featset,deconv,2023.0,74.0,,,,,,,,,,,,,,,,,
606.916455504769,657.0528795276754,670.1760363212906,0.4986339211463928,featset,full,2024.0,90.0,,,,,,,,,,,,,,,,,
414.39460378438486,358.1337791693007,423.5856400759963,0.4951131045818329,featset,full,2023.0,90.0,,,,,,,,,,,,,,,,,
620.6898050668098,669.3051359158985,682.3925022819033,0.49847841262817383,featset,no_clutch,2024.0,85.0,,,,,,,,,,,,,,,,,
397.1867427118414,341.13453435499207,406.6638813004619,0.4950510561466217,featset,no_clutch,2023.0,85.0,,,,,,,,,,,,,,,,,
615.7566911266565,652.8534693537091,665.9110103633625,0.49726325273513794,featset,no_tm,2024.0,74.0,,,,,,,,,,,,,,,,,
441.270338310229,390.3679712996544,455.77214849017446,0.49389156699180603,featset,no_tm,2023.0,74.0,,,,,,,,,,,,,,,,,
,,,,search,,,,0.0,655.8708974129634,701.009489715032,754.3730172949071,767.3470473067767,0.49894604086875916,610.7323051108948,561.6121169921385,626.9447686084173,0.4935764670372009,500.0,0.08,4.0,1000.0,0.8,0.6,20.0
,,,,search,,,,1.0,510.505992862198,605.5564192552487,645.2301082708777,658.3115095656011,0.4975433051586151,415.4555664691473,363.9809948645434,429.4984208809693,0.49397629499435425,500.0,0.08,4.0,50.0,0.6,0.8,5.0
,,,,search,,,,2.0,296.21024137562733,453.3456956630655,497.9584636901069,511.3560137621431,0.498060017824173,139.07478708818923,81.8781695432813,147.29426766284524,0.4953388273715973,1200.0,0.08,4.0,150.0,0.8,0.6,5.0
,,,,search,,,,3.0,673.1157802515763,735.1416275209855,775.7935882248601,788.6662120251464,0.4976496398448944,611.0899329821673,555.3774711030246,620.5015064610575,0.4951145052909851,500.0,0.03,8.0,1000.0,0.6,0.6,20.0
,,,,search,,,,4.0,137.9304825503136,275.8609651006272,342.9799470287209,356.62803009408606,0.5002056360244751,0.0,0.0,0.0,0.49714237451553345,2000.0,0.08,4.0,400.0,0.6,0.6,100.0
,,,,search,,,,5.0,55.523022957648664,111.04604591529733,176.90043273419496,190.84080429178084,0.5000828504562378,0.0,0.0,0.0,0.4962168335914612,800.0,0.08,7.0,400.0,0.6,0.6,5.0
,,,,search,,,,6.0,612.9471455443736,679.2369795801557,723.7662366094244,736.716406336213,0.4980601966381073,546.6573115085915,499.84382315951814,565.1228305950995,0.4931411147117615,800.0,0.08,4.0,1000.0,1.0,0.4,100.0
,,,,search,,,,7.0,0.0,0.0,0.0,0.0,0.5036055445671082,0.0,0.0,0.0,0.4991551637649536,2000.0,0.05,7.0,400.0,0.6,0.8,1.0
,,,,search,,,,8.0,740.5854463085448,766.5000071864658,793.2533518316353,806.0066742065275,0.49603646993637085,714.6708854306238,659.1491584161613,724.5831379292911,0.4949917495250702,500.0,0.02,4.0,50.0,0.8,0.4,5.0
,,,,search,,,,9.0,509.98317878472864,609.9765370661925,666.4061112787612,679.4875125734956,0.49923619627952576,409.9898205032648,352.0004611770378,417.5536499805954,0.4955517053604126,1200.0,0.05,4.0,150.0,0.8,0.6,5.0
,,,,search,,,,10.0,52.355570113371556,104.71114022674311,195.85146415843636,209.69042950443884,0.5021970868110657,0.0,0.0,0.0,0.4976595342159271,2000.0,0.05,7.0,400.0,1.0,0.4,20.0
,,,,search,,,,11.0,159.53000561835796,319.0600112367159,385.3200229019582,398.84880454192916,0.5001426935195923,0.0,0.0,0.0,0.49810436367988586,2000.0,0.03,8.0,150.0,1.0,0.4,100.0
,,,,search,,,,12.0,565.4707504687995,660.4470050802003,694.6149333137752,707.5770331831044,0.49692580103874207,470.49449585739865,414.078699164766,479.10736709045887,0.4953102469444275,500.0,0.05,8.0,1000.0,0.6,0.4,1.0
,,,,search,,,,13.0,702.9705782603701,762.9865802085357,801.3479535447954,814.2086472025412,0.4974006414413452,642.9545763122046,593.1846975606447,658.5769538221319,0.49370038509368896,500.0,0.02,8.0,1000.0,1.0,0.6,5.0
,,,,search,,,,14.0,717.1582505088147,767.5617898724952,799.8089651571782,812.5861478171514,0.49670764803886414,666.7547111451344,614.2489791783778,679.6531563688978,0.49428272247314453,800.0,0.02,5.0,150.0,0.8,0.4,100.0
,,,,search,,,,15.0,625.3911384309807,698.6174961358338,745.0197855438101,757.9699552706098,0.498253732919693,552.1647807261277,503.0922763235468,568.5024139785888,0.49354735016822815,800.0,0.05,4.0,150.0,1.0,0.4,20.0
,,,,search,,,,16.0,645.4296703128748,712.6294485486517,754.1284493728373,767.0965143134479,0.4977438151836395,578.2298920770978,527.2321576341832,592.7018999344335,0.4939248263835907,500.0,0.03,7.0,400.0,1.0,0.6,1.0
,,,,search,,,,17.0,475.4723553963114,587.5120786640209,652.8057487835581,665.9289055771733,0.5000569820404053,363.4326321286019,309.4785072831896,374.5787007831347,0.4946494996547699,2000.0,0.03,5.0,1000.0,0.6,0.8,20.0
,,,,search,,,,18.0,0.0,0.0,0.0,0.0,0.5027369260787964,0.0,0.0,0.0,0.49878227710723877,2000.0,0.05,7.0,400.0,0.8,0.8,20.0
,,,,search,,,,19.0,80.97598206600054,161.95196413200108,250.15747299894642,263.8174862068521,0.5019769668579102,0.0,0.0,0.0,0.49477535486221313,2000.0,0.05,7.0,1000.0,1.0,0.8,100.0
,,,,search,,,,20.0,709.691983579569,773.2465027926349,809.9078308169916,822.780454617289,0.4972076416015625,646.137464366503,596.9338297444505,662.3737697221021,0.49357977509498596,500.0,0.03,6.0,1000.0,1.0,0.6,20.0
,,,,search,,,,21.0,696.2706541746966,754.3312617960152,787.9802288291105,800.7991669879755,0.49686601758003235,638.210046553378,589.352118873554,654.6788100252999,0.4935459792613983,800.0,0.02,6.0,400.0,0.6,0.8,100.0
,,,,search,,,,22.0,738.3935129543163,762.7121869301257,796.3492238206804,809.0071050552483,0.4968688488006592,714.0748389785068,659.1074351645077,724.4937309614729,0.49486204981803894,500.0,0.02,4.0,400.0,1.0,0.8,100.0
,,,,search,,,,23.0,741.0940963045009,763.9887121818623,791.8813854395745,804.6526030282774,0.49617886543273926,718.1994804271396,661.9446162765774,727.39051671874,0.49517548084259033,500.0,0.02,4.0,150.0,1.0,0.4,5.0
,,,,search,,,,24.0,153.0340430055177,306.0680860110354,374.46359319087685,388.0102700446475,0.5003231167793274,0.0,0.0,0.0,0.4954053461551666,1200.0,0.08,6.0,1000.0,0.8,0.4,1.0
,,,,search,,,,25.0,615.4169262361175,669.3647866286012,728.1505639927466,741.0231877930329,0.4994727373123169,561.4690658436339,508.25999906337626,573.6224530022538,0.4944329857826233,500.0,0.08,4.0,400.0,1.0,0.4,1.0
,,,,search,,,,26.0,649.8986807773776,716.8825443640392,756.7172903039432,769.6197394605808,0.4975612759590149,582.9148171907161,531.5117711603646,596.8265413830665,0.494044691324234,2000.0,0.02,4.0,50.0,0.8,0.4,20.0
,,,,search,,,,27.0,470.40349560865667,573.410650182149,615.9356432647534,629.1184507710713,0.4978455901145935,367.39634103516437,315.2124741525375,380.71797923991954,0.4941410720348358,800.0,0.03,7.0,50.0,0.6,0.4,5.0
,,,,search,,,,28.0,500.9367158379297,606.2006469523928,652.0720450173711,665.1892367397161,0.49819672107696533,395.67278472346646,336.5032534220602,401.70477481886735,0.4960564374923706,800.0,0.05,5.0,50.0,0.6,0.6,20.0
,,,,search,,,,29.0,517.5174086363976,610.5014633379424,657.5062249441821,670.6353468090675,0.49830734729766846,424.5333539348528,367.55727357723475,433.14622516791303,0.49527519941329956,800.0,0.03,7.0,150.0,0.6,0.4,1.0
,,,,search,,,,30.0,0.0,0.0,104.62166415770025,118.48448978877269,0.503279447555542,0.0,0.0,0.0,0.4956393241882324,2000.0,0.08,5.0,400.0,0.8,0.6,100.0
,,,,search,,,,31.0,744.756286799303,785.8089428868898,815.5030676680997,828.2623551142509,0.4963979721069336,703.7036307117162,650.3038290667785,715.6782039346998,0.494493693113327,500.0,0.02,5.0,400.0,0.6,0.8,100.0
,,,,search,,,,32.0,165.48314674564858,330.96629349129717,398.180716559704,411.79300919744753,0.5002249479293823,0.0,0.0,0.0,0.4950229823589325,2000.0,0.05,5.0,150.0,1.0,0.4,1.0
,,,,search,,,,33.0,656.4534586463055,743.2660545904856,782.9636038911847,795.8660530478223,0.49754881858825684,569.6408627021254,516.5033214961201,582.0147870480241,0.49438655376434326,800.0,0.02,7.0,400.0,1.0,0.4,20.0
,,,,search,,,,34.0,0.0,0.0,0.0,0.0,0.5035040974617004,0.0,0.0,0.0,0.5014269351959229,2000.0,0.05,7.0,50.0,0.6,0.4,20.0
,,,,search,,,,35.0,0.0,0.0,1.8255909647657553,15.903159161556601,0.5000618696212769,0.0,0.0,0.0,0.49877873063087463,1200.0,0.08,8.0,1000.0,0.6,0.8,100.0
,,,,search,,,,36.0,168.32848574135363,336.65697148270726,405.52968436413653,419.0703961466369,0.5003746747970581,0.0,0.0,0.0,0.4971129894256592,2000.0,0.03,7.0,400.0,0.6,0.6,5.0
,,,,search,,,,37.0,0.0,0.0,0.0,0.0,0.5017811059951782,0.0,0.0,0.0,0.4996936619281769,2000.0,0.08,5.0,150.0,0.8,0.8,20.0
,,,,search,,,,38.0,633.0891454920329,706.509285425816,750.9490663860197,763.91116625536,0.4980517029762268,559.6690055582499,505.8579318613532,571.083295116237,0.4946063160896301,1200.0,0.02,7.0,1000.0,0.8,0.8,100.0
,,,,search,,,,39.0,157.6748684534446,315.3497369068892,367.67534208580474,381.2637744384784,0.49884435534477234,0.0,0.0,0.0,0.49699580669403076,800.0,0.08,5.0,50.0,1.0,0.8,1.0
,,,,search,,,,40.0,711.4828905894599,757.2601117895039,791.338563954025,804.1932925405005,0.49691304564476013,665.7056693894159,615.542399979463,680.8571702021649,0.4938102662563324,800.0,0.03,4.0,1000.0,0.6,0.4,100.0
,,,,search,,,,41.0,665.4803027870137,727.106676520528,773.9861716300923,786.9124810718109,0.4983016848564148,603.8539290534994,549.8640414209666,615.2980209340964,0.4945897161960602,1200.0,0.03,4.0,400.0,0.6,0.6,5.0
,,,,search,,,,42.0,603.2207631837761,666.6387490582792,708.8714536486629,721.8574138030731,0.4978211224079132,539.8027773092729,487.98845922696233,553.5416480305089,0.49408555030822754,800.0,0.02,7.0,50.0,0.6,0.4,1.0
,,,,search,,,,43.0,694.5830618713067,752.30910263554,787.3538963457771,800.2265201460634,0.49702703952789307,636.8570211070735,582.7002404679482,647.8719595421567,0.49471861124038696,500.0,0.03,7.0,1000.0,0.6,0.8,20.0
,,,,search,,,,44.0,674.4061402022994,734.9328500265373,780.3210773186576,793.2235264752951,0.4981519877910614,613.8794303780614,560.7240077784903,626.2473942594382,0.49438223242759705,800.0,0.03,5.0,400.0,0.8,0.6,1.0
,,,,search,,,,45.0,69.35602323238088,138.71204646476176,206.58859244412352,220.28439607965078,0.5002821087837219,0.0,0.0,0.0,0.49788257479667664,800.0,0.05,8.0,50.0,0.8,0.6,20.0
,,,,search,,,,46.0,0.0,0.0,0.0,0.0,0.5047956705093384,0.0,0.0,0.0,0.4979536533355713,2000.0,0.08,7.0,400.0,1.0,0.6,20.0
,,,,search,,,,47.0,0.0,0.0,38.59429027197603,52.66589339749661,0.5009724497795105,0.0,0.0,0.0,0.49755990505218506,2000.0,0.05,8.0,1000.0,0.8,0.6,5.0
,,,,search,,,,48.0,633.9116093119824,714.0193101545234,758.2622437628306,771.2004833470897,0.4980335533618927,553.8039084694412,503.31281351082555,568.681227914225,0.49384602904319763,1200.0,0.03,5.0,150.0,1.0,0.4,100.0
,,,,search,,,,49.0,628.5877141024298,703.1927057997822,745.5566419581006,758.5127767561595,0.49783942103385925,553.9827224050775,501.04187652827426,566.5533420801671,0.4943251311779022,800.0,0.02,7.0,150.0,0.8,0.8,1.0
,,,,search,,,,50.0,283.70812227600516,430.07595263947485,501.69856337628494,515.0543579494293,0.5006079077720642,137.3402919125355,79.51186512838993,145.07101439645842,0.49545589089393616,1200.0,0.08,4.0,400.0,0.6,0.8,1.0
,,,,search,,,,51.0,398.49203932715295,531.1123298078036,588.8542196997415,602.1265032751022,0.49935227632522583,265.8717488465023,209.12812660519586,273.78724573058344,0.49550196528434753,500.0,0.08,7.0,1000.0,0.6,0.4,100.0
,,,,search,,,,52.0,552.0939241542733,641.0128028831119,691.5071311821896,704.6302879758159,0.4986632764339447,463.17504542543463,406.1095580999985,471.23955392254226,0.49545004963874817,800.0,0.08,4.0,1000.0,0.6,0.6,20.0
,,,,search,,,,53.0,685.2440340273713,747.2328269849227,779.0624472807206,791.9231409384664,0.49665260314941406,623.25524106982,570.2547905478084,635.4384305510386,0.49444395303726196,800.0,0.02,8.0,1000.0,0.6,0.4,1.0
,,,,search,,,,54.0,677.628813069453,753.066666686808,790.3125716956172,803.1136146406603,0.4972788989543915,602.190959452098,548.9461298847087,614.5052791527772,0.4943965673446655,800.0,0.02,6.0,400.0,1.0,0.4,1.0
,,,,search,,,,55.0,586.739897150379,673.8863106511284,719.0061097360978,731.9682096054381,0.4981232285499573,499.59348364962966,443.8273775898005,509.1004245608599,0.49506524205207825,1200.0,0.02,7.0,400.0,0.6,0.6,5.0
,,,,search,,,,56.0,736.0006862218771,771.2064484183601,803.6504710549508,816.4097585011132,0.49672818183898926,700.7949240253942,651.561487080743,716.8345340518023,0.4936314821243286,800.0,0.02,4.0,1000.0,0.8,0.4,100.0
,,,,search,,,,57.0,690.2650551044998,745.4969912453979,782.5042934034077,795.376917203694,0.49725401401519775,635.0331189636016,585.3764890379476,650.7925871575115,0.49367207288742065,500.0,0.03,6.0,400.0,0.6,0.8,5.0
,,,,search,,,,58.0,0.0,0.0,0.0,0.0,0.5013662576675415,0.0,0.0,0.0,0.5013076663017273,2000.0,0.08,7.0,150.0,1.0,0.6,20.0
,,,,search,,,,59.0,152.72684183512132,305.45368367024264,375.614851945949,389.1197733008389,0.5004794001579285,0.0,0.0,0.0,0.49563515186309814,2000.0,0.05,6.0,1000.0,0.6,0.4,20.0
0.0,0.0,0.0,0.5352451801300049,nn,TabM+FiLM,2024.0,,,,,,,,,,,,,,,,,,
0.0,0.0,0.0,0.48264646530151367,nn,TabM+FiLM,2023.0,,,,,,,,,,,,,,,,,,
0.0,0.0,0.0,0.48168841004371643,nn,TabM(FiLM없음),2024.0,,,,,,,,,,,,,,,,,,
0.0,0.0,0.0,0.48483678698539734,nn,TabM(FiLM없음),2023.0,,,,,,,,,,,,,,,,,,
0.0,0.0,0.0,0.5131696462631226,nn,단일MLP+FiLM,2024.0,,,,,,,,,,,,,,,,,,
0.0,0.0,0.0,0.4895904064178467,nn,단일MLP+FiLM,2023.0,,,,,,,,,,,,,,,,,,
0.0,0.0,0.0,0.5432989597320557,nn,TabM+강한정규화,2024.0,,,,,,,,,,,,,,,,,,
0.0,0.0,0.0,0.4758946895599365,nn,TabM+강한정규화,2023.0,,,,,,,,,,,,,,,,,,
0.0,0.0,0.0,0.4934869408607483,nn,TabM작은모델,2024.0,,,,,,,,,,,,,,,,,,
0.0,0.0,0.0,0.46568647027015686,nn,TabM작은모델,2023.0,,,,,,,,,,,,,,,,,,
